forum,query,ndcg_global,ndcg_tenant,top10_overlap,top1_changed,n_candidates
tex,Speed up the compilation of a document with a lot of tikzpictures made with pgfplots,0.8761188631169337,1.0,0.2,True,43541
tex,"How can I add the word ""Chap"" before the chapters numbers in the Toc in class report?",0.9981234097905453,1.0,0.9,False,26890
tex,Are there LaTeX performance profiling tools?,0.9636815226296632,1.0,0.7,False,20599
tex,highlight lines in listings,0.9992088043048915,1.0,0.9,False,22259
tex,lstlistoflistings isn't showing the lstlistingname,0.9968001475792264,1.0,0.9,False,5884
tex,What is the preferable setup for MiKTeX to keep all packages up-to-date easily?,0.9931234424838196,1.0,0.8,False,22982
tex,References citation does not go in a new line,0.9822132445034493,1.0,0.5,False,28272
tex,Undefined Control Sequence. 1.60 \@writefi,0.9970398136574318,1.0,0.9,True,32620
tex,Turn off autorotate in ps2pdf,0.9902645591788445,1.0,0.9,False,1479
tex,Change of column,0.9997606366956172,1.0,1.0,False,14048
tex,Avoid page break in listing,0.9996195947359277,1.0,0.9,False,21571
tex,"Smallcaps ""Đ"" (đ) corrupted",0.9978309053387777,1.0,0.9,False,176
tex,Four smaller pages in one page,0.9960079269695642,1.0,0.9,False,25698
tex,"Section Numbering in ""Convex Optimizaion"" by Boyd et. al. with Koma Script",0.9944056329890191,1.0,0.9,False,19449
tex,LaTeX: Show return symbol at url line break,0.9802006081046662,1.0,0.7,False,37604
tex,Line breaking (or hyphenation?) of references in apalike,0.9981653332045165,1.0,0.7,False,22615
tex,"Get multiple citations; [1-5] instead of [1,2,3,4,5]",0.9925637189903433,1.0,0.7,True,47021
tex,Place to `tikzpicture` next to each other on a slide,0.9877793989403645,1.0,0.8,False,14745
tex,Can I have two different styles of bibliography in the same document?,0.9884209385564159,1.0,0.7,False,46974
tex,Why the language selection of babel affects the page number format?,0.967742731031238,1.0,0.8,False,28163
tex,miktex can't find udmj.cfg,0.9972962650128202,1.0,0.9,False,8608
tex,Presentation - set theory,0.9821392289221101,1.0,0.7,False,10914
tex,Base a class on another class,0.9991551223240568,1.0,0.9,False,11343
tex,Move biblatex label into margin,0.9526471650520312,1.0,0.5,False,14745
tex,How do I make a Word file out of a .tex file?,0.9980649378813222,1.0,0.8,False,30939
tex,Square root sign has dotted line (PGF/TikZ + XeLaTeX). Is this a bug? Is there a workaround?,0.9454909468804393,1.0,0.5,True,26823
tex,\xRightarrow (text),0.9973480224804734,1.0,0.8,False,17284
tex,How to draw RDF graphs in LaTeX?,0.9435023649303588,1.0,0.3,False,26354
tex,"In IEEE conference latex file, my pictures and tables are merged/overlapped with text",0.9933467287205131,1.0,0.8,False,44207
tex,Using sin inside of tikz ``\foreach``,0.9965952012190517,1.0,0.9,False,47211
tex,Printing a book,0.9999987571113466,1.0,1.0,False,7902
tex,Set multicolumn width to default table width,0.9955861194627841,1.0,0.9,False,23036
tex,Should subscripts in math mode be upright?,0.9998352362613219,1.0,0.9,False,6352
tex,Storing and manipulating real numbers,0.984115770142062,1.0,0.6,False,13101
tex,Is there a package or scripted solution to generate the program for scientific conferences,0.9699382625309922,1.0,0.6,False,26045
tex,Problem with the driver option,0.9983827036854599,1.0,0.9,False,19764
tex,How to get a small letter version of \mathcal{O},0.999779831989029,1.0,1.0,False,24900
tex,Drawing labels on Finite State Machines with TikZ,0.9241565448181828,1.0,0.6,True,18663
tex,How to highlight few sentences in a paragraph?,0.9780925121558558,1.0,0.7,False,4378
tex,"\begin{equation}: ""Display math should end with $$"" error?",0.9889727559321106,1.0,0.8,False,45529
tex,"Do I need a specific package for ""\N""",0.9957197017641887,1.0,0.8,False,27994
tex,How to add extra spaces between rows in tabular environment?,0.9957840362479429,1.0,0.9,False,23132
tex,Removing repeated page numbers from table of contents,0.9922949782306634,1.0,0.9,False,29370
tex,Extra space between gloss and translations,1.0,1.0,1.0,False,9826
tex,How to style text in hyperref \url?,0.9739718097730621,1.0,0.6,True,26194
tex,National flag using TikZ,0.9822711807211041,1.0,0.7,False,45958
tex,Commutative diagram with rounded arrows,0.9987474870396037,1.0,0.9,True,5050
tex,Alternatives to FF Nexus,0.9903884386176668,1.0,0.8,False,1492
tex,Bump right-aligned text to next line if no room,0.9797857515494601,1.0,0.5,False,35721
tex,Verbatim inside tikz node,0.9984926763975412,1.0,1.0,False,14161
tex,Place node at right of and above of centered,0.9990023135772219,1.0,0.9,False,22462
tex,Changing font in listings-package,0.9990590570824444,1.0,0.8,False,31072
tex,"Visualising a matrix as an image, or specifying directly values for segments rather than for vertices",0.978835589144854,1.0,0.7,True,24585
tex,Aligning numbers by decimal points in table columns,0.9991237490889887,1.0,0.9,False,26501
tex,Arc between arrows in TikZ (automata library),0.9895840948552753,1.0,0.8,False,10800
tex,page number position,0.9999261384857422,1.0,0.9,False,23048
tex,How can I format sections/subsections/etc. like nested lists?,0.9996912771818008,1.0,1.0,False,39233
tex,Number all equations in align,0.9995124152160009,1.0,0.9,False,18390
tex,New line instead of word-breaking,0.9961627317649948,1.0,0.9,False,27449
tex,What is going on with pgfpages and page labels?,0.9968881826739002,1.0,0.8,False,22197
tex,"Windows API error 5: ""Access is denied"" when trying to compile TikZ picture",0.9761086831308317,1.0,0.8,False,38633
tex,How to change or remove the bibliography title when using multibib?,0.9949925905959782,1.0,0.8,True,48897
tex,How to set node label position with anchor,0.9964483610631406,1.0,0.8,False,20774
tex,"Suddenly I cannot compile my bibTex files anymore (Biber, TeXmaker, MacTeX)",0.9560303672159073,1.0,0.6,True,22132
tex,Quotes in LaTeX ?,0.9991388327039913,1.0,1.0,False,20360
tex,A cookbook in LaTeX?,0.9911840728806033,1.0,0.9,False,19727
tex,! LaTeX Error: File `arial.sty' not found,0.9966871831511094,1.0,0.8,False,33733
tex,Command to disable environments,0.9966123826528792,1.0,0.9,False,18195
tex,Create a symbol font from SVG symbols,0.9858837001169211,1.0,0.7,False,18591
tex,How can I add bibliography references which are not cited?,0.9989041967651574,1.0,1.0,True,14851
tex,How do I get Korean (Hangul) characters to typeset in LaTeX ?,0.9880443784797889,1.0,0.8,False,34008
tex,Generating / Creating a signature in Latex,0.9863225090678189,1.0,0.8,True,28171
tex,How to revert changes made with titletoc,0.9446163071039605,1.0,0.6,True,11567
tex,How can I create a 'little subtitle' for a section?,0.9909678086464266,1.0,0.9,True,18057
tex,Problem in cropping the document in standalone package,0.9937972705045656,1.0,0.8,False,47668
tex,Move tabular entry to bottom of row,0.9904633397337168,1.0,0.9,False,13010
tex,My limits are moved,1.0,1.0,1.0,False,2860
tex,nodes structure like file system,0.974507253736192,1.0,0.7,True,40418
tex,How to change the color of \href links... for real,0.995900317315589,1.0,0.9,False,17400
tex,xfrac + siunitx gives me a font warning,0.9993591579493504,1.0,0.9,False,13821
tex,What is the equivalent for ([nodesep=10pt]{B}A) in TikZ?,0.9863065455771496,1.0,0.8,False,17302
tex,How to fix table position,0.9998501600557932,1.0,1.0,False,16125
tex,How to export a box to a standalone images?,0.987849509055725,1.0,0.9,True,17918
tex,Changing Section Heading Style Ruins Theorem Counter,0.9991214565484663,1.0,0.9,False,25123
tex,Defining starred versions of commands (* macro),0.99947755558094,1.0,1.0,False,21141
tex,Plot using Hobby,0.9990290431349053,1.0,0.9,False,43294
tex,bibtex vs. biber and biblatex vs. natbib,0.9950849803536626,1.0,0.9,False,5600
tex,makeindex - print links sorted by page,0.984968465095705,1.0,0.8,False,18512
tex,Difference between administrative and user mode of MiKTeX,0.969008974155751,1.0,0.7,False,13568
tex,How to mix accents from different fonts in LaTeX?,0.9753984672345898,1.0,0.5,False,29354
tex,Installing TTF fonts in LaTeX,0.9951629571405475,1.0,0.8,False,25691
tex,Good environment for writing math examples,0.9789209328848526,1.0,0.6,False,30180
tex,Position of superscript when superscriptd item has \hat over it,0.967906513121443,1.0,0.5,False,8248
tex,Listings: total line number count,0.9854809474085953,1.0,0.9,True,29364
tex,Recreate plot when data file changes,0.9941554880315447,1.0,0.9,False,24747
tex,Configuring Decimal Separator in pgfplots,0.9884894541992452,1.0,0.7,False,6759
tex,Left and right subscript,0.9987659705167667,1.0,0.9,False,14516
tex,mdframed in two column book vertical alignment problem (first page only),0.9988979408868234,1.0,0.9,False,40107
tex,"Referencing to ""above"" or ""below""?",1.0,1.0,1.0,False,851
tex,How can I achieve dictionary headers for two page spreads in LaTeX,0.9781709200686693,1.0,0.7,False,36540
tex,Self-replicating (La)TeX document,0.9348314858289855,1.0,0.3,True,43196
tex,Lines with `shorten >` don't count towards image size,0.9610151523500531,1.0,0.7,False,29121
tex,How to find the name of a font?,0.9981893714059693,1.0,0.9,False,19185
tex,lstlisting in two columns,0.9995878664455735,1.0,0.9,True,13824
tex,Level of abstraction,0.997234847481073,1.0,0.8,False,2424
tex,Index entries duplicated for captions,0.9844759057822885,1.0,0.8,False,11535
tex,Including fully functional .tex documents,0.9745569852739102,1.0,0.6,False,45526
tex,What does \begingroup\expandafter…\endgroup do?,1.0,1.0,1.0,False,1678
tex,href not working with image (but OK with text),0.9642574863810842,1.0,0.7,False,39063
tex,Turn advise on page in exam,0.9241719408353694,1.0,0.7,True,14333
tex,Changing the number of figure or equation automatically in text by changing the places of figures and equations,0.9965741512923822,1.0,0.8,False,39887
tex,Cite multiple authors with page references,0.9986592751644537,1.0,0.9,False,22006
tex,Tabbed windows in Texmaker?,0.996161757841582,1.0,0.8,False,3855
tex,beamer headline,0.9988232361034907,1.0,0.9,True,3920
tex,How to put a big bracket under different parts of a equation so that I could write e.g. a text specific to that part in the equation?,0.998612007034831,1.0,0.9,False,43474
tex,Replace period with colon after year with biblatex to approximate ametsoc guidelines,0.9995060896917313,1.0,1.0,False,7215
tex,"Extract x, y coordinate of an arbitrary point in TikZ",0.9977981329466385,1.0,0.9,True,18854
tex,"Trim, crop, clip not working as expected in XeTeX",0.9960023453553761,1.0,0.9,False,21283
tex,Getting problem when inserting natbib,0.9975192094917765,1.0,0.9,False,30324
tex,Font: Is British Baskerville typeface available in TeXLive 2010,0.9981127855254733,1.0,0.9,False,11173
tex,Labelled in-line equation,0.9999436000127914,1.0,1.0,False,23918
tex,How to use Xindy with MiKTeX?,1.0,1.0,1.0,False,42695
tex,New line after paragraph?,0.9983194028241905,1.0,0.8,False,22258
tex,How can I reduce spacing between parenthesis,1.0,1.0,1.0,False,8466
tex,Even-spaced (two) columns in reference page using bibtex - automatically,0.9835269583068182,1.0,0.7,True,54218
tex,Cell colouring a multirow in LyX,0.9936763175012887,1.0,0.9,False,4351
tex,Is plotting exponential graphs a known source of bugs in TikZ?,0.9876626153215862,1.0,0.8,False,15410
tex,Best Way to Start Using LaTeX/TeX?,0.9830441157224911,1.0,0.6,True,55298
tex,"List of Algorithm: add ""algorithm"" label",0.9998215087511375,1.0,1.0,False,20014
tex,Obey spaces with URL package (path command),0.9703802471900561,1.0,0.5,False,31846
tex,LaTeX capacity exceeded,0.9841586300776629,1.0,0.6,False,20027
tex,Wrong numeration in toc longer then one page,0.9997372919615114,1.0,1.0,False,29267
tex,"Ghostscript Error ""undefined in H.S""",0.9998401297526176,1.0,1.0,False,13184
tex,Flushright or left of a long Table,0.997707404842898,1.0,0.9,False,19168
tex,The Last Obstacle -- Measuring sidebearings in LuaLaTeX,0.9813852568370175,1.0,0.7,False,4689
tex,How to use kile with feynmf or feynmp?,0.9999431446179456,1.0,1.0,False,42285
tex,"How many LaTeX classes and packages are there (say, on CTAN)?",0.9801237622142969,1.0,0.6,False,35414
tex,"Why is my footnote ""glued"" to the text?",0.9285426708831526,1.0,0.4,False,18082
tex,xeCJK and Chinese Characters,0.9998621996219118,1.0,1.0,False,3030
tex,Creating shortcode,1.0,1.0,1.0,False,9542
tex,What are your best practices to compile only a part of the document or presentation (or how do you prepare the big ones)?,0.9743707599334568,1.0,0.8,True,49109
tex,Compare two comma separated lists,0.9849261102700122,1.0,1.0,True,19062
tex,issues with generating a nomenclature with TexMaker,0.9999536330016014,1.0,1.0,False,8775
tex,Rebuilding TikZ's pgfmanual.pdf,0.9784667643936961,1.0,0.8,False,16444
tex,Compressing consecutive footnote marks,0.9698707054117642,1.0,0.7,False,4436
tex,How would you do Karnaugh's maps in LaTeX or ConTeXt?,0.9956572410003659,1.0,0.9,False,34061
tex,Are % comments passed on to the PDF-file upon *.tex compilation?,0.9630335122793823,1.0,0.4,False,28214
tex,Need Help to include personal details in make heading,0.9915360296409288,1.0,0.8,True,32320
tex,Figure subnumbering 1a,0.9999872683742751,1.0,1.0,False,9403
tex,Table and multi-page,0.9997063655544399,1.0,0.9,False,19766
tex,Last sentence broken between two pages,0.9672932532000345,1.0,0.7,True,22908
tex,Installing miktex in windows 7,0.9972856072199913,1.0,0.8,False,9767
tex,Facing Table of contents problem?,0.9980163820960473,1.0,0.9,False,23880
tex,Can't Left Align Date with newlfm.cls,0.9988263516001568,1.0,0.9,False,15412
tex,Adding white space under a letter or symbol,0.9929584486538379,1.0,0.7,False,17664
tex,How to affect the vertical gap between the glossary's name and its body,0.9784585001947105,1.0,0.7,False,13155
tex,Using \\ to Start New Line,0.9952708160236601,1.0,0.6,False,50515
tex,How to redefine an environment to produce no output?,0.9993370948755727,1.0,1.0,False,18409
tex,matlab figures with latex fonts,0.9993575113040745,1.0,1.0,False,30393
tex,Full path of current file,0.999958670108609,1.0,1.0,False,20977
tex,"Rendering a pdf in a different location, from a standalone tex-file that combines several chapters",0.9741556173921018,1.0,0.8,True,34822
tex,Pgfplots: title covers scientific notation,0.9911133290683972,1.0,0.7,False,13041
tex,Bad vertical centering in an equation,0.9709489617277348,1.0,0.6,True,15181
tex,line exceeds margin in cover letter,0.996186286759868,1.0,0.8,False,20872
tex,Matching arrowheads in TikZ with math mode arrowheads,0.9984389364717347,1.0,0.9,False,15227
tex,How to generate all possible Venn diagrams (with the case below) efficiently?,0.9999061283790702,1.0,1.0,False,18240
tex,babel package and lstlisting caption incompatibility,0.9914868169946861,1.0,0.8,False,23371
tex,Is there a way to use a previous TikZ picture?,0.9990554647678318,1.0,1.0,False,51414
tex,Referring to correctly-styled algpseudocode procedure name in document,0.9922030193542543,1.0,0.8,False,46103
tex,Draw a path with dashed start and solid end,0.9967848701161268,1.0,0.9,False,42061
tex,How to convert remove page number?,0.9937212698617316,1.0,0.8,False,24031
tex,How would you produce the following exact hexagon?,0.9968963538167689,1.0,0.9,False,34478
tex,minitoc not appear?,0.9996984274824701,1.0,0.9,False,5786
tex,Horizontal placement of footnotes in beamer,0.9875634089593165,1.0,0.8,False,7614
tex,Problem Update Module at ConTeXt?,0.9990971096377225,1.0,0.9,False,17783
tex,Adding a line to the TOC before the appendix,0.9992885440287675,1.0,1.0,False,20975
tex,Does something like a fast LaTeX syntax checker for checking errors / warnings exist?,0.9925059995724181,1.0,0.8,False,45910
tex,Numbered letters,1.0,1.0,1.0,False,13793
tex,Why am I receiving an undefined control sequence for my equation?,0.9842489371521459,1.0,0.7,True,8191
tex,Writing equations in Miktex,0.9996594482039208,1.0,0.9,False,13286
tex,How to refer a figure as a table?,0.9999637760632132,1.0,1.0,False,21043
tex,Change font to only section and subsection of my document,0.9972156925763493,1.0,0.8,False,45604
tex,"Getting ""dots"" to show up in Beamer headers",0.9962774345309472,1.0,0.9,False,26836
tex,How do I get rid of the white space around included graphics?,0.9966946892629613,1.0,0.9,False,31222
tex,Include hspace in header/footer in fancyhdr?,0.9998307320836225,1.0,1.0,False,11424
tex,"TeX4ht with Natbib, missing citations",0.9964092492347946,1.0,0.9,False,6429
tex,Set of real numbers in LaTeX,0.9706829937810073,1.0,0.7,False,33122
tex,How to implement a template for math journal?,0.9773057508471422,1.0,0.6,True,8601
tex,"How to undo a \def (i.e., Need a \undef capability)",0.9952889642093533,1.0,0.8,False,21324
tex,How to write a perfect equation parameters description?,0.9745189718797242,1.0,0.6,False,22688
tex,Can the listings package automatically indent source code?,0.9978251538724657,1.0,0.9,False,35952
tex,Flush a left-flushed box right,0.9994574646327875,1.0,0.9,False,16482
tex,How to make the tick thickness as the axis line?,0.9983669000041645,1.0,0.8,True,26954
tex,Closing a path with too sharps edges,0.9989480911346218,1.0,1.0,False,5257
tex,enumeration of sections in a chapter,0.9998948265276532,1.0,1.0,False,12530
tex,Adding command to LaTeX file using texify,0.9954315321097066,1.0,0.9,False,53348
tex,How to modify spacing around quotation environment?,0.9977708056620799,1.0,0.9,False,17979
tex,Width-per-column not working in ConTeXt columnset,0.9973758644915156,1.0,0.9,False,27648
tex,Cite in theorem environment argument,0.9960117335030656,1.0,0.8,False,12892
tex,How do I override a \configure statement in html4.4t - tex4ht,0.9928260053549531,1.0,1.0,True,2124
tex,How can I draw a dot under a symbol in math mode?,0.9984843723249621,1.0,1.0,False,16496
tex,How do I center this qtree?,0.9990951591518136,1.0,0.9,False,8885
tex,"Cross out with arrow as in ""goes to zero""",0.9943903424212982,1.0,0.8,False,5389
tex,xelatex stopped working after TexLive2011 update 2 days ago,0.9773146358836367,1.0,0.7,True,38217
tex,Using the amsbook Class,0.9999923686327936,1.0,1.0,False,43348
tex,Textwidth wrong after wrapfigure,0.9964030149173783,1.0,0.9,False,7670
tex,Numbered list in rows in tables,0.9999680542717052,1.0,1.0,False,23911
tex,How to annotate PDF files generated by pdflatex?,0.9890675682155318,1.0,0.6,False,21788
tex,Insert all the files in a directory,0.9944992521296043,1.0,0.9,True,17917
tex,How to rename theorem (or lemma) in Beamer to another language?,0.9960742129002375,1.0,1.0,False,11461
tex,Enumerate formulas,0.9984749901506792,1.0,0.9,False,2682
tex,How to adjust the width of a wrap text sideways column header and width of a paragraph cell in tabular,0.9965256130371415,1.0,0.8,False,29082
tex,Split a long table into two pages,1.0,1.0,1.0,False,28076
tex,Is there an \arrayrulecolor-like command to change the rule color of \fbox?,0.9969794979405052,1.0,0.9,False,41522
tex,Remove indent with \cite,0.9929842365711875,1.0,0.8,False,7714
tex,Use BibTeX key as the cite key,0.9998702388695092,1.0,1.0,False,43568
tex,List of abbreviations for book class,0.9967443978555929,1.0,0.9,False,15613
tex,Unused bibliography entries - how to check which entries were not used?,0.9889922179884664,1.0,0.8,False,44278
tex,Rotating a letter,0.9994763171014887,1.0,0.9,False,4217
tex,Alignment in multicolum,0.9996730192318068,1.0,1.0,False,5931
tex,How can I adjust the horizontal spacing between legend entries in PGFPlots?,0.9996662859482467,1.0,0.9,False,15176
tex,"Hyperref ""enquotes"" metadata",0.9803804392954472,1.0,0.8,True,3504
tex,Better error reporting in Latex?,0.9732462958361555,1.0,0.5,False,29195
tex,"drawing some simple circular, rectangular and triangular shapes",0.9908972272644846,1.0,0.8,False,11508
tex,PDFLatex tables are covering up text,0.9589075448221226,1.0,0.6,False,26868
tex,BibTeX rendering error with URL,0.9954448526974391,1.0,0.8,False,14255
tex,How to get these symbols in LaTeX?,0.9969409471354596,1.0,0.8,False,33373
tex,Is it possible to scale an entire \begin{figure}?,0.9649640553058374,1.0,0.5,False,45082
tex,How do I right-align text in a glossed Linguex example?,0.9983977827118293,1.0,1.0,False,35708
tex,How to make a table on more then one page by using the table environment,0.9991706278986027,1.0,0.9,False,55951
tex,How do I modify the section tag?,0.9466099551662653,1.0,0.6,True,10905
tex,No hyphen for a word,0.9998079059378991,1.0,0.9,False,4396
tex,Punctuation in bibliography with multiple languages,0.9812101994780124,1.0,0.6,True,8984
tex,Changing the suffix according to the figure number,0.9729281036498795,1.0,0.7,True,26388
tex,I'm having trouble with \includegraphics I'm using MacTeX,0.9822696901389917,1.0,0.8,False,43839
tex,Implicit newline at the end of each paragraph?,0.9645227596334759,1.0,0.6,True,38777
tex,"I dont see the error but the message ""illegal character in ar."" popped up (line 14)",0.9914723702941959,1.0,0.9,True,30262
tex,Badbox from PGF layer using fit,0.9751177115939702,1.0,0.7,False,43553
tex,Customized list cross reference error,0.9890401465232141,1.0,0.7,False,22880
tex,How do I reference an online image from a LaTeX document?,0.9395629772241616,1.0,0.6,True,51955
tex,Force hyphen line-break one words with dieresis,0.9894199213737983,1.0,0.7,False,30972
tex,how to create PDF in grayscale mode or TikZ figure only?,0.9708685934869942,1.0,0.6,False,29813
tex,Show graph of references inside a document,0.971278791789684,1.0,0.6,True,44117
tex,What can I use to typeset MATLAB code in my document?,0.9952452984931558,1.0,0.9,False,57651
tex,How do I use pgfmathdeclarefunction to create define a new pgf function?,1.0,1.0,1.0,False,49058
tex,Two column text question and choices,0.9858593576657274,1.0,0.7,False,32306
tex,intersection of line and circle,0.9996738313033013,1.0,0.9,False,17538
tex,How to suppress certain .bib fields (e.g. year) only for certain entry types (e.g. inproceedings),0.9811748866654945,1.0,0.7,False,19777
tex,How to color just the `\vec` symbol?,0.9875052115972999,1.0,0.9,True,9574
tex,The abstract environment changes the \linewidth for the whole document,0.9934103333665437,1.0,0.9,False,44958
wordpress,Custom post type archive and single.php files not working,0.9955154711994093,1.0,0.9,True,41230
wordpress,Putting PHP variables into javascript,0.9796308365157512,1.0,0.7,False,22517
wordpress,how to make custom posts sticky?,0.9973105809896202,1.0,0.8,False,32435
wordpress,Sessions in word press,0.9958312125680469,1.0,0.9,False,1639
wordpress,Change the default-view of Media Library in 3.5?,0.9940567530278079,1.0,0.8,False,20010
wordpress,meta_query with meta values as serialize arrays,0.9946083631740723,1.0,0.8,False,15695
wordpress,How to disable WordPress from creating thumbnails?,0.9797596963617721,1.0,0.6,True,27961
wordpress,Function in Child Theme not overriding Parent Theme function,0.9980056332016972,1.0,0.8,False,22983
wordpress,How can I fix this code,0.9958894770246701,1.0,0.8,False,16712
wordpress,Custom meta box shown when template is chosen,0.9570088865862645,1.0,0.5,False,21511
wordpress,How-to: push a GitHub repo to the wordpress plugin servers,0.9775545025204793,1.0,0.8,False,26923
wordpress,Custom $wpdb Query for Custom Post Type by Category,0.9983509818303623,1.0,0.9,False,33244
wordpress,Loading post like facebook on scrool to bottom,0.9734591194240907,1.0,0.6,False,34149
wordpress,Wordpress Multisite - Change Permalinks On Subdomain Posts To Postname,0.9954061688760061,1.0,0.8,False,38302
wordpress,Add Plugins to Wordpress Theme,0.9969013195321638,1.0,0.8,False,33305
wordpress,How do I disable comments on a page?,0.9989526826814952,1.0,1.0,True,22642
wordpress,Make WordPress WYSIWYG not strip out iframe's,0.9938671580835414,1.0,0.8,False,24480
wordpress,how to saved the values ​​of selected checkboxes in an array,0.9976844539186949,1.0,0.9,False,17579
wordpress,"Plugin that would allow WordPress Authors to ""follow"" other Authors and query ""Activity Info"" from that",0.977931793739943,1.0,0.7,False,37307
wordpress,Steps to Take to Hide the Fact a Site is Using WordPress?,0.9574332387913534,1.0,0.6,True,36677
wordpress,How does wordpress distinguish a plugin's main php file from other php files?,0.9476762558613085,1.0,0.5,False,37221
wordpress,Removing the URL field from Comments,0.9997295031971226,1.0,1.0,False,16699
wordpress,Strip shortcode from excerpt,0.9997212228485809,1.0,1.0,False,3016
wordpress,Custom bulk_action,0.9971439692259018,1.0,1.0,False,16209
wordpress,Hooks for Links Box,0.9995671145953082,1.0,1.0,False,11971
wordpress,Marking future dated post as published,0.9918298654864524,1.0,0.9,False,25985
wordpress,rewrite script to use wp_remote_get instead of file_get_contents_curl,0.9995341374724829,1.0,1.0,False,28104
wordpress,display all posts in wordpress admin,0.9989814253673714,1.0,0.8,False,39302
wordpress,Image gallery thumbnails on product page,0.9795700901489612,1.0,0.7,False,26092
wordpress,How to remove feeds from WordPress totally?,0.9913530264333847,1.0,0.7,False,22869
wordpress,Load wp_editor via ajax,0.9999690184071471,1.0,1.0,False,6722
wordpress,How to split a loop into multiple columns,0.9947106476782198,1.0,0.9,False,7434
wordpress,Duplicate domain database to local - How?,0.9965299408817433,1.0,0.8,False,6281
wordpress,Change core metaboxes labels,0.9881457458394922,1.0,0.7,False,10381
wordpress,How to add or remove metabox each page separately?,0.9975071992745137,1.0,0.9,True,27952
wordpress,Hide other users' posts in admin panel,0.9855208534763609,1.0,0.8,True,32343
wordpress,rewrite url for a single custom post on a multisite,0.9806436014597073,1.0,0.7,False,33507
wordpress,WordPress keeps writing rewrite rules to .htaccess,0.9735023259313625,1.0,0.6,False,23045
wordpress,"Privacy Blog, maybe?",0.9918956103761014,1.0,0.8,False,6146
wordpress,Make Google index the entire post if it is separated into several pages,0.921682287097015,1.0,0.4,True,36982
wordpress,Active Plugins for current blog in WP Multisite Network?,0.9848927904129671,1.0,0.7,True,26678
wordpress,How to access WP database inside ipn.php?,0.9719517176348581,1.0,0.8,True,28064
wordpress,Enqueue Google Web Fonts Without Messing Up Symbols In URL,0.9925746711710106,1.0,0.8,False,12635
wordpress,How to increase excerpt length in wordpress?,0.988744662044805,1.0,0.8,False,20961
wordpress,Determine if Term has Grandparent/Great-Grandparent,0.9943368712582483,1.0,0.9,True,5251
wordpress,"Image Captions Have a 10px Extra Margin, And It's Not CSS?",0.9988888242033871,1.0,1.0,False,10180
wordpress,How to get date using timezone saved in options?,0.9999773760469943,1.0,1.0,False,34076
wordpress,Sort pre_get_posts by multiple Simple Fields meta values?,0.9915911292201515,1.0,0.8,False,15719
wordpress,Call sidebar from a template,0.9998989791494775,1.0,1.0,False,11737
wordpress,Automatically create pages in a post based on number of words,0.9705971495607161,1.0,0.6,True,37656
wordpress,How to secure WordPress XMLRPC?,0.9948755153331132,1.0,0.8,False,20137
wordpress,publish_post action hook not working,0.9991963345369969,1.0,0.9,False,19243
wordpress,authenticate user without password from email activation link,0.9825962579545026,1.0,0.9,True,19639
wordpress,the_date() not working,0.9999530898779814,1.0,1.0,True,16653
wordpress,Moving a blog from Tumblr to Wordpress,0.9890764917413883,1.0,0.9,False,22526
wordpress,How do I get the size of an attachment file?,0.9995281333610987,1.0,0.9,True,22136
wordpress,How do I customise the new user welcome email,0.9902530264753704,1.0,0.7,False,18267
wordpress,How to make this change without changing the core?,0.9988746121200281,1.0,0.9,False,16347
wordpress,Random posts loop order,0.9919952162411529,1.0,0.8,False,26859
wordpress,"Is there a plugin that will override the ""Error establishing a database connection"" message?",0.9927995893660039,1.0,0.8,False,18719
wordpress,What are the minimum database privileges to run WP?,0.9913166234454391,1.0,0.8,True,15067
wordpress,How to be notified when a YT video becomes unavailable on my website?,0.9996206812716093,1.0,0.9,False,5220
wordpress,Adding Pages to Menus - No Page Hierarchy in Backend,0.9937447394610975,1.0,0.8,True,24057
wordpress,Creating Theme Settings Page,0.9961519794352524,1.0,0.8,False,32455
wordpress,Prevent menu from loading in a page template,0.970190102260937,1.0,0.4,False,25055
wordpress,how to change the default login page of wordpress from wp-login.php to custom login page?,0.9833766033863979,1.0,0.7,True,43532
wordpress,How can I edit the content in index.php?,0.9978330995531849,1.0,0.8,False,26779
wordpress,Difference between do_action and add_action,0.9947906034915306,1.0,0.9,False,9625
wordpress,"""Leave a comment"" link even when you can't",0.9943049969106545,1.0,0.8,False,12712
wordpress,My wordpress site must be being affected by outside sources,0.9524421008384892,1.0,0.6,True,25565
wordpress,Add Comment Custom Field,0.9989468273375195,1.0,0.9,False,24611
wordpress,Create custom page templates with plugins?,0.9991558381529877,1.0,0.8,False,37051
wordpress,load plugin with ajax,0.997844260207037,1.0,0.9,False,16093
wordpress,"How to change location, charset in Wordpress query",0.9628254169452075,1.0,0.6,False,27763
wordpress,WP_Query & posts_per_page,0.9999866752130634,1.0,1.0,False,4409
wordpress,Calling up a second Theme functions.php,0.9892978986000659,1.0,0.7,True,31814
wordpress,How to increase menu size limit?,0.9677589610720424,1.0,0.7,False,6901
wordpress,How can I track active users of my plugin? and why doesn't WordPress.Org offer this?,0.9746339690881588,1.0,0.7,True,30556
wordpress,Get post thumbnail size,0.9950557115324915,1.0,0.8,True,31784
wordpress,I have a wp_media uploader question,0.9969203608383839,1.0,0.8,False,7561
wordpress,White-list file types for media upload,0.9843194505732229,1.0,0.6,False,23181
wordpress,How to autologin users after creating a new site (multisite)?,0.9342533689706979,1.0,0.8,True,28377
wordpress,Submit post and upload image from front-end,0.9993076113870479,1.0,0.9,False,30608
wordpress,How to get the top most term (top ancestor) of a custom taxonomy child term?,0.9912546475027897,1.0,0.6,False,27927
wordpress,Return $post_id when DOING_AUTOSAVE?,0.9998610435103872,1.0,0.9,False,8491
wordpress,Why does wp add slashes to $_POST?,0.9497356388933328,1.0,0.5,False,19572
wordpress,Limit the post for differents custom post type in the same wp_query,0.9772678813979638,1.0,0.7,True,33474
wordpress,"paginate_links refers to ""Not Found"" page",0.989983969820291,1.0,0.8,True,23072
wordpress,Can't edit style.css in subdirectory of my theme?,0.9861810535533209,1.0,0.9,False,16407
wordpress,"Check before publishing, if already exist post with current custom field value",0.996542427962383,1.0,0.8,False,35578
wordpress,Multisite: List all Blogs alphabetically,0.9755250777424104,1.0,0.7,False,11195
wordpress,How do I implement the Wordpress Iris picker into my plugin on the front-end?,0.9916801406710878,1.0,0.9,False,28820
wordpress,Default image (logo) for customizer,0.9993977853081665,1.0,1.0,False,23182
wordpress,How to include taxonomy.php from wp-includes the proper way?,0.9219912837127233,1.0,0.4,True,33205
wordpress,Get multiple custom field values in a $wpdb query,0.9909586633194954,1.0,0.8,True,30015
wordpress,Add New Footer Widget Area with Limited Options?,0.9978684805859308,1.0,0.9,False,23100
wordpress,query multiple posts orderby two custom fields?,0.9736500581281963,1.0,0.5,True,33253
wordpress,How to HIDE everything in PUBLISH metabox except Move to Trash & PUBLISH button,0.9904196979174601,1.0,0.9,False,10680
wordpress,Commenting in user profile page?,0.9974084361752714,1.0,0.9,False,26733
wordpress,How to know which one is the main query?,0.9889201069385903,1.0,0.6,False,21490
wordpress,Automated adding of one tag to all the posts in a category,0.9129813615306064,1.0,0.4,True,33530
wordpress,Show category list on attachment page,0.986308052155377,1.0,0.8,False,29533
wordpress,How can I inject html after the [x]th widget inside a Sidebar?,0.9797486115565028,1.0,0.6,True,9323
wordpress,Adding dashicon fonts to the admin of pre 3.8 installs,0.9993334817226565,1.0,1.0,False,19763
wordpress,Adding help for user when using $wp_customize->add_control(),0.9988949332871897,1.0,0.8,False,33986
wordpress,Wordpress pie register custom registration,0.9800336165959697,1.0,0.5,False,31090
wordpress,Performance and styles problem after changing permalink structure,0.988513826897804,1.0,0.7,False,17838
wordpress,Updates for a private plugin?,0.9976401374207678,1.0,0.8,False,16660
wordpress,Get custom taxonomies from multiple posts,0.9970555314594899,1.0,0.9,True,35431
wordpress,WordPress 3.9 - Trouble Editing new TinyMCE,0.9945665796618031,1.0,0.8,False,31032
wordpress,Custom search form with empty parameters,0.9862663323147265,1.0,0.8,False,21916
wordpress,WordPress upgrade now receiving Error 101 (net::ERR_CONNECTION_RESET): Unknown error,0.9915207238540165,1.0,0.8,False,22634
wordpress,How to add additional JavaScript code,0.9979272518710907,1.0,1.0,True,22524
wordpress,How to select featured images for 1500 posts?,0.9555545515614875,1.0,0.3,False,29560
wordpress,List Custom Post Types by Date Archive,0.9981719322792628,1.0,0.9,False,33020
wordpress,How not to display posts from a certain category?,0.9977314541227933,1.0,0.8,False,29757
wordpress,Best way to customise wp_nav_menu,0.9739219722787534,1.0,0.8,True,12697
wordpress,Loading jQuery and jQuery plugin script files correctly,0.9823470090521941,1.0,0.6,False,23376
wordpress,Overwriting a theme function with a plugin,0.9715738201261562,1.0,0.5,False,28223
wordpress,How can I display parent and child taxonomies in separate drop downs?,0.9857962823912041,1.0,0.7,False,15969
wordpress,WordPress independent plugin upgrade notification system,0.977623565316983,1.0,0.7,True,26784
wordpress,shortcode outputs first before the page content,0.9824777110562742,1.0,0.7,False,28032
wordpress,How can I add an image upload field directly to a custom write panel?,0.9769140820292317,1.0,0.6,False,29441
wordpress,"Plugin works for default post types, but not for custom",0.9958976996280171,1.0,0.8,False,40478
wordpress,Plugin update without overwriting the functionality,0.9580351060625486,1.0,0.5,False,27794
wordpress,$wpdb->prepare() warning in WordPress 3.5,0.9868756454699935,1.0,0.8,True,25552
wordpress,Is There A Hook To Process The Content Of The Text Widget?,0.961495974321768,1.0,0.5,False,16104
wordpress,dbDelta using Foreign key not working on update,1.0,1.0,1.0,False,33412
wordpress,How to enqueue script or style in a theme's template file?,0.9948213429039521,1.0,0.9,False,20082
wordpress,Changing upload directory for plugin uploads only,0.9947354694214209,1.0,0.8,True,20524
wordpress,$post->ID not working but the get_the_id() is,0.9958546231170429,1.0,0.8,False,34055
wordpress,How to use a Must-Use plugin to hide a regular one and to hide itself?,0.9598191679053459,1.0,0.4,False,34245
wordpress,Make a navigation menu in the same post,0.9863831338758767,1.0,0.7,False,30353
wordpress,How to have a custom URL structure for a custom post type?,0.9957881772076335,1.0,0.7,False,33490
wordpress,Archive by Year,0.9961267243523669,1.0,0.7,False,2898
wordpress,How to write an efficient metabox with repetitive fields,0.9504270404663944,1.0,0.5,False,8868
wordpress,Admin Menus - Name Menu different from first Submenu,0.9965030457748044,1.0,0.9,False,22299
wordpress,How to return Javascript variable to wordpress,0.9467421320138227,1.0,0.4,False,26234
wordpress,page template within custom post type,0.9954496013051701,1.0,0.7,True,37940
wordpress,Turn a URL into an Attachment / Post ID,0.9686292736930597,1.0,0.5,False,31015
wordpress,Do I need to use The Loop on pages?,0.9971608929418583,1.0,0.8,False,37481
wordpress,Show only second level menu items?,0.9871944149064207,1.0,0.7,False,14847
wordpress,Programmatically insert hierarchical terms & set terms for post causes glitch?,0.9906735101702911,1.0,0.9,False,30717
wordpress,How do I just display the part of the array that I want to?,0.9918097052315245,1.0,0.8,False,27735
wordpress,Really simple query giving error in SQL syntax,0.9998604394096954,1.0,1.0,False,15050
wordpress,"How to redirect all page requests to a single ""goodbye"" homepage?",0.9832546994839594,1.0,0.9,True,23327
wordpress,Get_post_meta returns Array instead of actual value,0.9908161207847649,1.0,0.9,True,20788
wordpress,assign 2 $args to one wp_query,0.9879740260688085,1.0,0.8,False,20495
wordpress,Short_title character problem,0.9862671826446241,1.0,0.8,False,8256
wordpress,Can one display a specific page on the WordPress dashboard using the WordPress dashboard API?,0.9822941123869017,1.0,0.6,True,42846
wordpress,Can someone please help me find a solution to my youtube embed problems?,0.996144173850234,1.0,0.9,True,21382
wordpress,How to add dynamically the main parent pages's custom fields and their values to all sub-pages?,0.9867750370359399,1.0,0.9,True,35172
wordpress,How to display links in specific page,0.9963940518354563,1.0,0.9,True,28737
wordpress,Link to subpages on the same page,0.9998297487723816,1.0,1.0,False,23725
wordpress,How do I create a link that will always show the latest post?,0.9843244028080271,1.0,0.7,False,34914
wordpress,Why is my ajax live search not working when i use a shortcode to call it?,0.9961170563607732,1.0,0.8,False,34955
wordpress,ajax response is 0 instead of 'script',0.9982116145238645,1.0,0.9,False,12992
wordpress,How do I enqueue styles/scripts on certain /wp-admin pages?,0.9783249010109635,1.0,0.6,True,30859
wordpress,Transform php shortcode into a widget,0.8991151084372129,1.0,0.4,False,22068
wordpress,What's the preferred method of writing AJAX-enabled plugins?,0.9824998729156724,1.0,0.6,False,17488
wordpress,Showing A Menu When Only Users Are Logged In,0.9997452424212965,1.0,1.0,False,19373
wordpress,setting global and using as argument,0.9964345291585728,1.0,1.0,True,30338
wordpress,How to remove attachments size attribute,0.9945233683956072,1.0,0.8,False,7698
wordpress,"Increase of failed login attempts, brute force attacks?",0.9965057650815605,1.0,0.9,False,4052
wordpress,WP_Query with checkbox meta_query,0.9998679349974897,1.0,1.0,False,4594
wordpress,Steps to Optimize WordPress in Regard to Server Load?,0.9957056386108982,1.0,0.8,False,22972
wordpress,"What methods to use to create small, editable pieces of text for static pages?",0.9982655369619833,1.0,0.9,False,39226
wordpress,Thickbox doesn't respect dimensions when used in admin,0.9567849900099438,1.0,0.8,True,28386
wordpress,Shortcode executing order wrongly,0.9960161618559136,1.0,0.9,False,8602
wordpress,Sorting: custom query with orderby meta_value_num THEN by title,0.9996482820703646,1.0,0.9,False,23017
wordpress,Why isn't the Settings API designed to work for plugins using custom admin menus?,0.9771845642422538,1.0,0.8,True,41311
wordpress,How to edit the admin photo?,0.9951027405930956,1.0,0.9,False,11780
wordpress,query_posts() vs get_posts() multiple loops,0.9660148713667225,1.0,0.6,False,8319
wordpress,"Media Library page super slow, loading up full quality images",0.9876567949055503,1.0,0.8,False,27158
wordpress,Is it possible to have full category-parent/post-name with custom post types?,0.9890340276599147,1.0,0.8,True,36277
wordpress,Wordpress Beginer to Guru,0.923230798422152,1.0,0.7,True,20243
wordpress,Child theme preview missing,0.9961977815456698,1.0,0.8,False,11316
wordpress,Change comments form title on a page by page basis,0.9779264522589839,1.0,0.5,False,29463
wordpress,Words After Url Redirect to Matching Blog Posts,0.9615468657385383,1.0,0.6,False,30561
wordpress,Display a list of subcategories a post belongs to,0.9951977160863004,1.0,0.9,False,29617
wordpress,Expanding the allowed HTML tags in comments?,0.9903478239068675,1.0,0.9,False,11733
wordpress,Wordpress Plugin function callback by URL,0.9877419185285345,1.0,0.8,False,35395
wordpress,Serve HTTPS requests from subdomain,0.9976037878326095,1.0,0.9,False,2771
wordpress,Adding a class (arrows) to main menu links that have children?,0.9699557026205332,1.0,0.7,False,20628
wordpress,FB - Comment Moderation Tool bug or error in the code?,0.9789047713513297,1.0,0.7,False,20221
wordpress,How to show Next/Previous within the same Category?,0.9992216639179715,1.0,1.0,False,17086
wordpress,custom registration form,0.9988479183690744,1.0,0.9,True,18766
wordpress,Add extra parameters after permalink?,0.9777957203039077,1.0,0.7,False,13214
wordpress,Removing WordPress version number from included files,0.9893149365998603,1.0,0.8,False,29039
wordpress,Text Widget Automatically Adding Website Link,0.9880331689841763,1.0,0.7,False,20363
wordpress,How to add an image in the widget zone?,0.8864799571586677,1.0,0.2,False,17040
wordpress,Help with Wordpress Walker Function,0.9816569043353912,1.0,0.8,False,32972
wordpress,Definitive list of WordPress books,0.9948560266225529,1.0,0.8,False,24131
wordpress,How To Modify The Loop in archives.php To Have 11 Posts Per Page and CSS Styling,0.9697830623061774,1.0,0.6,False,39831
wordpress,how to limit search to post titles?,0.9981194849755584,1.0,0.9,True,28370
wordpress,Correct process for a new Page Template?,0.9819809248714476,1.0,0.6,False,28663
wordpress,Add a Save Button to Custom Meta Box,0.9948207954420427,1.0,0.7,False,25225
wordpress,Retrieving a custom link on an attachment,0.9893610376754507,1.0,0.7,False,22632
wordpress,Does WordPress send data about your blog to WordPress.org or Automattic?,0.9848355740075388,1.0,0.7,False,24983
wordpress,How to prefix post permalinks with /blog/ - without affecting custom post types?,0.9885312127189742,1.0,0.9,False,34560
wordpress,OpenID for WordPress 3.x?,0.992516972887629,1.0,0.8,False,23737
wordpress,Action hook for custom tax edit,0.9903675461807451,1.0,0.8,False,22190
wordpress,What is the Best Way to Secure a Commercial Wordpress Plugin?,0.9690091417326203,1.0,0.5,True,31486
wordpress,Execute function when post is published,0.9994946457921368,1.0,1.0,False,32842
wordpress,Apply custom role capabilities to administrator (without plugin),0.9919654474711036,1.0,0.7,False,27970
wordpress,Removing user fields,0.9986959818530168,1.0,0.8,False,16284
wordpress,Why I have this error when I try to install this old blog on my local webserver?,0.9858836547908605,1.0,0.6,False,22455
wordpress,Filter username field on registration for profanity and unwanted words,0.9577179657489361,1.0,0.6,True,10733
wordpress,How to add a box underneath the Post Box in Wordpress admin?,0.9626920096248395,1.0,0.5,False,39994
wordpress,"WP.org API: Accessing plugin downloads ""Today"" value?",0.9887506633779541,1.0,0.9,False,25899
wordpress,Need oop for wordpress theme?,0.9669625128869502,1.0,0.8,True,29606
wordpress,Add Parent to List of Subpages,0.9946377240587527,1.0,0.7,False,16098
wordpress,How to move images from /uploads to the /uploads/Year/Month structure?,0.9972602533476157,1.0,0.9,False,12198
wordpress,Migration from Squarespace to WordPress: Remove leading 0 from %monthnum% in permalinks,0.9803322679243893,1.0,0.8,False,26960
wordpress,Is it possible to use meta_query with both AND and OR relations?,0.9970164335536619,1.0,0.7,False,28367
wordpress,Change The Title Of a Meta Box,0.9999136164618787,1.0,1.0,False,16326
wordpress,"How to remove ""login to reply"" from individual comments",0.9999826112070833,1.0,1.0,False,8343
wordpress,How do I enqueue a js file in functions.php for a if lt IE 9 statement?,0.9985913030004577,1.0,0.9,False,30194
wordpress,When is it appropriate to create a new table in the WordPress database?,0.9688126477166792,1.0,0.5,False,31490
wordpress,Taxonomy view page doesn't show terms with parents,0.9898538112203058,1.0,0.6,False,27873
wordpress,Why I can't align an image center using Tiny MCE editor?,0.9961939537079172,1.0,0.9,True,29417
wordpress,Permalink: postname EXCEPT for blog,0.9924209009665304,1.0,0.7,False,7974
wordpress,How do you load WordPress from an external script when using MultiSite?,0.9725961871634163,1.0,0.7,False,35410
wordpress,disable comments if array exists,0.957142510326276,1.0,0.6,True,16023
wordpress,Conditional Tag Based on Age of Post,0.9581433299957952,1.0,0.7,True,27857
wordpress,*box for images displayed as a post's [gallery],0.9883269524476771,1.0,0.6,False,31121
wordpress,Disable Wordpress URL auto complete,0.9702437230626825,1.0,0.7,False,24626
wordpress,CPT admin column auto order by date instead of title,0.9965738015471833,1.0,0.8,False,19973
wordpress,Where to put my code: plugin or functions.php?,0.9944571060436154,1.0,0.9,False,35734
wordpress,"What is meant by __('page','twentytwelve')",0.9999563302441911,1.0,1.0,False,21372
wordpress,wp_enqueue has a resource but doesn't generate a script tag,0.9982914470982577,1.0,0.9,False,8594
wordpress,How to trigger the core WPLANG to make automatically set a language when the theme is activated?,0.9903913311968718,1.0,0.8,True,23173
wordpress,best way to overide plugin CSS?,0.9920259518090359,1.0,0.9,False,22875
wordpress,Automatic Updates For Private And Commercial Themes?,0.9779237896450476,1.0,0.7,False,14296
wordpress,Cron job not run on activation,0.9963697807676599,1.0,0.8,False,5495
wordpress,Custom register and login page for Wordpress,0.9964228645641756,1.0,0.8,False,37871
wordpress,Make search result returned only from tags!,0.9974883676550755,1.0,0.9,False,20201
wordpress,Updating existing table in wordpress plugin,0.9454259512898744,1.0,0.6,False,29608
wordpress,Auto-create/assign category from post title,0.9935957317281947,1.0,0.9,False,32578
wordpress,Auto generate meta data value in post,0.9901310804002263,1.0,0.7,True,29518
wordpress,How do I position meta_box on post edit screen after the title?,0.9895293314738947,1.0,0.9,False,29370
wordpress,Is it OK to remove theme credits from footer?,0.9603773129101639,1.0,0.6,True,12628
wordpress,Code Only On Mobile,0.9974493881703749,1.0,0.9,False,15605
wordpress,Change default gallery image size?,0.9933146944841926,1.0,0.8,True,16994
wordpress,I need to run a AJAX Fuction from within a WP_Query but only works on first item,0.9759479320231711,1.0,0.5,True,29953
wordpress,Custom .php page that contains json for dynamically loaded content,0.9676842379187945,1.0,0.5,False,37803
wordpress,how query string in wordpress receive the value other than post and page,0.9116954479498989,1.0,0.2,True,41920
wordpress,How do I use update_option to give me a new option name each time a form is submitted?,0.9941013764995947,1.0,0.8,True,36015
wordpress,How to rename default posts-type Posts,0.9930995153198778,1.0,0.8,False,28827
wordpress,Don´t allow access wp-admin for non-admins but allow to upload files,0.9714008639066325,1.0,0.6,False,22973
unix,How to know my server's time offset?,0.9938437020168603,1.0,0.8,False,18516
unix,Coloring shell command and output differrently,0.991683865041083,1.0,0.8,False,18340
unix,What does typing a single apostrophe do in terminal?,0.9225618030169314,1.0,0.3,False,8753
unix,Sort with unequal whitespace in first column,0.9980114576989548,1.0,0.9,False,5865
unix,How to save command line history without logout?,0.9925624497079836,1.0,0.8,False,19995
unix,characters stick at the CLI,0.9952337801781722,1.0,0.9,False,2158
unix,Traceback (most recent call last) error appears on terminal,0.9851437270414104,1.0,0.7,True,15618
unix,Why is some filesystem space used even though the filesystem is empty?,0.9788165557429472,1.0,0.8,False,28012
unix,How to search files where two different words exist?,0.990340449181923,1.0,0.7,False,25489
unix,Where to place a Bash shell redirection for a command?,0.9955873031539819,1.0,0.8,False,17859
unix,"What is the real difference between ""apt-get"" and ""aptitude""? (How about ""wajig""?)",0.9991570483217314,1.0,0.9,False,17682
unix,How can I run an hdparm command after boot and resume on Fedora 19?,0.9836139259743695,1.0,0.7,False,24977
unix,How to use quick substitution to replace all the strings of the previous command?,0.9861247877360501,1.0,0.8,False,31244
unix,Is there a standard POSIX way of doing `tac`,0.9907498543343254,1.0,0.9,True,11077
unix,What is a good tool to sync two computers,0.9935497611934092,1.0,0.8,False,9837
unix,How do I add a user in SVN?,0.9886231204616399,1.0,0.7,False,9491
unix,How do I log out/disconnect from SSH after starting a process with output to keep it running?,0.996763413635585,1.0,0.9,False,26044
unix,How to switch to editing command in text editor,0.9950998304940967,1.0,0.9,False,17957
unix,sox returns an error when I try to handle mp3 files,0.9961178651689053,1.0,0.9,False,28792
unix,Have to type out whole path in order to execute an application in OSX,0.9860278119345096,1.0,0.7,False,13325
unix,"How can I configure syslog.conf file, to log iptables messages in a separate file?",0.9971383967309805,1.0,1.0,False,25777
unix,How to give regular users the write privilege to an external drive?,0.9955402753248566,1.0,0.8,False,14590
unix,Use the system Compose database in Gtk applications,0.9837838372606423,1.0,0.9,True,29525
unix,connect to a remote server through ssh,0.9999879335285976,1.0,1.0,False,11699
unix,Redirect traffic through vpn on an as needed basis,0.997864929767032,1.0,0.9,False,10269
unix,"Given a git patch id, how to find out which kernel release contains it?",0.9980427400737364,1.0,0.9,False,15106
unix,copy sas file from prior version directory to new version directory,0.9774988790430706,1.0,0.6,False,25687
unix,Move a file and re-target all of its symlinks,0.9965656417284738,1.0,0.9,False,20145
unix,Arch Linux not booting after system update,0.9943532050271983,1.0,0.8,False,20743
unix,Mac OS X Darwin: how to reset admin password?,0.9917679448872041,1.0,0.8,False,9453
unix,read file record by record and do transformation to the subsequent record based on above record and write into another file,0.9952557827764443,1.0,1.0,False,25447
unix,Boot-loader to boot to an encrypted partition,0.9959701083118495,1.0,0.7,False,5385
unix,Installing a .deb package in home directory,0.9986422169888018,1.0,0.8,False,17827
unix,Format of /etc/hosts on Linux (different from Windows?),0.9481965157224475,1.0,0.5,True,24000
unix,reformatting output with aligned columns,0.9630488930932883,1.0,0.7,True,6917
unix,How many clipboards are in system?,0.9976527532841943,1.0,1.0,False,10440
unix,"What's the command to ""prepend"" a line to a file?",0.9904816528971524,1.0,0.8,False,26823
unix,Evolution of the shell,0.99797632972136,1.0,0.9,False,3780
unix,Is 'some_program <some_file' faster than 'cat some_file | some_program'?,1.0,1.0,1.0,False,2342
unix,Bash in php exec don't color png and mp3 files on Linux,0.9794004209261092,1.0,0.7,False,30281
unix,How can I rename all files with one extension to a different extension recursively,0.9991129329425592,1.0,0.9,False,26521
unix,Tools to visualize file size distributions,0.9726679090556815,1.0,0.6,False,21911
unix,Multiple media convertions fail,0.9934858593876978,1.0,0.9,False,6627
unix,How can I choose which OS grub will reboot me into—before I reboot?,0.989393245496425,1.0,0.8,False,5238
unix,Regular expressions in a shell,0.9998952661264413,1.0,1.0,False,4802
unix,"CentOS conservative governor, nice error",0.9928716423930211,1.0,0.9,False,9562
unix,Permission denied to change gid(group) of a file I own,0.9970645770956178,1.0,0.9,True,22931
unix,How to clean up file extensions?,0.9898419894649226,1.0,0.8,False,19303
unix,Disable commands for users,0.9991270637552006,1.0,1.0,False,18309
unix,Is there a root password on OS X and Ubuntu?,0.991925769454963,1.0,0.8,False,15511
unix,Why does it take more time for a login to fail than to succeed?,0.9951095229834062,1.0,0.9,False,12530
unix,"Where is the value for current ""In USE"" keyboard layout in the system",0.9844122521178378,1.0,0.7,False,30683
unix,Mail vs. mail what is the difference,0.9747539562286999,1.0,0.5,False,6041
unix,How can I create automatically expiring user accounts?,0.9999275043968998,1.0,1.0,False,12953
unix,Is there a difference between Linux and Unix?,0.9888487879037857,1.0,0.8,True,17028
unix,Remote access - grey background in Debian 7,0.9490536421379056,1.0,0.5,False,12500
unix,Why is resolv.conf spelled without the 'e'?,0.9481689151470246,1.0,0.4,False,11362
unix,Changing tmux .bash_profile behavior,0.9984249428464342,1.0,1.0,False,6865
unix,How to clone a Debian installation?,0.9978365970945433,1.0,0.8,False,12681
unix,routing based on source IP,0.9970905091563217,1.0,0.8,False,7114
unix,"How to adapt a Linux like fedora, ubuntu etc. to make my own linux distro?",0.9788801845506496,1.0,0.6,True,31071
unix,How to follow links in linux man pages?,0.9662308970000442,1.0,0.6,False,20598
unix,The merits of a partitionless filesystem,0.945219001954043,1.0,0.7,False,1592
unix,upgrade OpenSSL from 0.9.8w to 1.0.0i or 1.0.1a on Linux server,0.9913230330222721,1.0,0.8,False,28518
unix,Find out network traffic per IP,0.9809473876066255,1.0,0.7,False,11492
unix,How to blacklist a correct bad RAM sector according to MemTest86+ error indication?,0.9959687156254281,1.0,0.9,False,11695
unix,Having ssh tunneling itself for remote access from a third machine,0.9998430141031583,1.0,1.0,False,10395
unix,SSH output isn't line buffered?,0.9744983577816306,1.0,0.7,False,14417
unix,Execute command for x seconds?,0.9810480942216196,1.0,0.6,False,18298
unix,Recursively delete all files with a given extension,0.9902347112979236,1.0,0.6,True,20354
unix,How to run a script when install a rpm package?,0.9983934504134339,1.0,0.9,False,24554
unix,Tmux not scaling to fill the window,0.9636849694332043,1.0,0.6,False,5391
unix,"Setting up network from a ""minimal"" CentOS 6.4 install",0.9955678119022106,1.0,0.8,False,23108
unix,How to check which client is accessing Unix?,0.9950269363416046,1.0,0.8,False,9972
unix,Ssh through two servers and a user in one command line,0.976601185949328,1.0,0.7,False,29878
unix,Good OpenWRT alternative?,0.9999135136467078,1.0,1.0,False,2693
unix,#!/bin/bash: No such file or directory,0.9999954316022659,1.0,1.0,False,23766
unix,How to remove last part of a path in bash?,0.959245682408893,1.0,0.5,False,12275
unix,How to set environment variable JAVA_HOME that will be saved on exit?,0.9994720582947083,1.0,1.0,False,12211
unix,Newlines in filenames,0.9998991937440102,1.0,1.0,False,1210
unix,How can I make a program executable from everywhere,0.9706900838180152,1.0,0.4,False,12334
unix,How do I install mercurial on openSUSE?,0.9307549972685033,1.0,0.3,False,10578
unix,"HDD indicator blinks when I run out of memory, but I have no swap configured",0.9808916111963685,1.0,0.7,False,18692
unix,"""error while loading shared libraries: libopenal.so.1"" while installing Drox Operative",0.9965603540733812,1.0,0.7,False,25408
unix,How to change environment variables without re-logging to UI?,0.9926840735854806,1.0,0.8,False,15721
unix,"Note-taking and outlining using Vi: On startup, highlight tags and display tags in a preview window",0.972813932342287,1.0,0.6,False,29463
unix,Remove random string from particular position in file names,0.9565593989614094,1.0,0.6,False,23763
unix,What's wrong with these two cron job's?,0.9933562606004976,1.0,0.8,True,7442
unix,Pasting X selection (not clipboard contents) with keyboard,0.9928211779998053,1.0,0.8,False,8689
unix,finding specific path for an installed program,0.9914205720439744,1.0,0.8,False,20646
unix,"Is it possible to ""fork"" STDOUT to two different locations?",0.9647374034750498,1.0,0.7,True,13881
unix,Shell script to delete all files which are older,0.9776272323190567,1.0,0.7,False,24280
unix,Looking at the content of a character device's file,0.9474930483964878,1.0,0.6,True,24888
unix,Switching to superuser while shell script is running,0.9883906103536313,1.0,0.7,False,20161
unix,what is meant by vi and emacs editing modes,0.9999666287264104,1.0,1.0,False,6453
unix,How does sudo really work?,0.9955624127975915,1.0,0.8,False,16456
unix,determine shell in script during runtime,0.984031999190352,1.0,0.6,False,9713
unix,How to go to the previous working directory in terminal?,0.9816251277005157,1.0,0.9,False,21845
unix,Which installed software packages use the most disk space on Debian?,0.9982225257649502,1.0,0.9,False,32002
unix,Why is there a * When There is Mention of Unix Throughout the Internet?,0.9641121063755844,1.0,0.6,False,4111
unix,Complete files from a different directory in bash,0.9822461582779828,1.0,0.6,False,25999
unix,Why is the first line comment of .sh file necessary?,0.9441723719812577,1.0,0.4,True,24836
unix,How to display numbers in reverse order using seq(1)?,0.9960064014689582,1.0,0.9,True,32676
unix,"How can I run ssh-add automatically, without password prompt?",0.9848086198327308,1.0,0.7,False,22083
unix,How does the Linux desktop perform system actions?,0.9576317169543082,1.0,0.5,False,19574
unix,Find recursively all archive files of diverse archive formats and search them for file name patterns,0.9966006543202819,1.0,0.9,False,25718
unix,Colorized `cat` for source and script files?,0.9329641269373752,1.0,0.4,False,24555
unix,How to pass a variable to an sh child process?,0.9583964455568125,1.0,0.5,False,8412
unix,"/ is out of blocks, can't find out why",0.9999587730859588,1.0,1.0,False,8248
unix,Doubt on the value of PS1 environment variable,0.9881388504826276,1.0,0.7,False,4679
unix,Edit file on image created with dd,0.9982065904074856,1.0,0.9,False,24203
unix,How to use a shell variable inside sed's s command?,0.9631608362024415,1.0,0.4,False,31927
unix,Linux kernel is not finding the initrd correctly,0.9901144137315494,1.0,0.7,False,20364
unix,Why are .so files executable?,0.999205470224629,1.0,0.9,True,20476
unix,Updating last modified time of a file,0.9997146498700176,1.0,1.0,True,25492
unix,Why do forked processes sometimes appear with brackets [] around their name in ps?,0.9868583683498899,1.0,0.8,False,13270
unix,How to run command at startup in linux?,0.9996388987494608,1.0,1.0,False,28287
unix,scroll through output using `less` or `tail -f` while keeping the header visible,0.986627957657589,1.0,0.8,True,29660
unix,Can I use several pipelines as a argument?,0.9900671669086223,1.0,0.8,False,25979
unix,Resize an extended partition to the whole drive,0.9824906823855392,1.0,0.7,True,4986
unix,watch command alias expansion,0.9816331732021468,1.0,0.8,False,12985
unix,When using 'yum list installed' why are some entries listed in bold?,0.9881614268475588,1.0,0.9,False,31171
unix,What is the '+' in find command for?,0.9979570845787594,1.0,0.7,False,17160
unix,"Find out exact CPU model, Mainboard, RAM / server model?",0.9300928586450589,1.0,0.4,True,15632
unix,How to combine arithmetic expansion and brace expansion?,1.0,1.0,1.0,False,989
unix,Add a suffix string to end of each line?,0.9953981065265134,1.0,0.9,False,12381
unix,Why does this compound command report errors when copying directories?,0.9334073132713224,1.0,0.4,False,22014
unix,The difference that quotation marks make in find command,0.9949482714806603,1.0,0.9,False,24133
unix,Find files systemwide that are created within a date range,0.9885767190848996,1.0,0.7,False,25605
unix,"listing packages in Debian, a la `dpkg -l`, but including the package origin/source",0.999312954608449,1.0,1.0,False,15086
unix,Create services in Linux (Start up in linux),0.9950584545787776,1.0,0.7,False,20871
unix,"i3 mirrors laptop screen on monitor, wasting space",0.9975971394772128,1.0,0.9,False,7085
unix,How does keyboard mapping work in Linux?,0.9900059463493107,1.0,0.8,True,22506
unix,why cannot rename subdir when parent dir owner is not the same user,0.9930499708006618,1.0,0.8,False,10832
unix,Why is my PATH not listed in my .bashrc file?,0.9966687894534173,1.0,0.9,False,21824
unix,An init-script does not get called on shutdown,0.9937946852449513,1.0,0.8,False,20236
unix,Re hardlink and old rsnapshot backups,1.0,1.0,1.0,False,2716
unix,Execute snippet of code when key is pressed,0.9707987402523299,1.0,0.6,True,8790
unix,"What does ""-"" mean as an argument to a command?",0.996553405338806,1.0,0.9,True,14680
unix,How do I edit a file as root?,0.9949929573233318,1.0,0.7,False,23051
unix,What should I be aware of when installing Linux on a Mac?,0.9443914414949685,1.0,0.3,False,19295
unix,Free DNS Clients,0.9947152390779452,1.0,0.8,False,3214
unix,How to make apt recognize an installed tar package?,0.9962241635982351,1.0,0.8,False,16973
unix,Which application should I blame for compulsively creating a directory again and again?,0.9896442721166098,1.0,0.7,False,12782
unix,Reading file with different formats,0.9948892053220274,1.0,0.9,False,24331
unix,How to hide commands typed in a Linux shell?,0.9212454730866456,1.0,0.4,False,25486
unix,Check for process already running in webfaction?,0.9999495717806332,1.0,0.9,False,19278
unix,How can I grep in PDF files?,0.9912081389914921,1.0,0.8,False,20149
unix,A Web ssh/telnet client,0.9813765762363578,1.0,0.6,False,5661
unix,Logging and controlling changes to the system,0.9969049007726263,1.0,0.9,False,17186
unix,Unix - Addressing filename with space for script,0.9458448573366417,1.0,0.2,False,12425
unix,How do I read from /proc/$pid/mem under Linux?,0.980035288011043,1.0,0.6,False,17033
unix,Two prefix commands for tmux?,0.9879703069986656,1.0,0.8,True,15767
unix,Fix broken apt: insserv: Service killprocs has to be enabled to start service single,0.9998984267639879,1.0,0.9,False,12920
unix,"Execute remote commands, completely detaching from the ssh connection",0.9953368972982072,1.0,0.9,False,20223
unix,MySQL not getting started on linux,0.9731066019446198,1.0,0.5,True,25026
unix,What does the `who` command result `root :0` mean?,0.980084325192868,1.0,0.7,True,24148
unix,How to cut (select) a field from text line counting from the end?,0.9919895497226796,1.0,0.8,False,12755
unix,"Recovering from ""chmod -R 777 /"" in Ubuntu",0.9846951653415599,1.0,0.7,True,8399
unix,Knowing Privilege rights on a file in Linux,0.9082604183314736,1.0,0.3,True,31036
unix,Understanding the exclamation mark (!) in bash,0.9860633217851131,1.0,0.8,False,7340
unix,insert text in a file using echo command,0.9789181180155956,1.0,0.7,False,37155
unix,Why does sed act differently depending on the output file?,0.975769191804319,1.0,0.8,False,25555
unix,File not found for file which is there,0.9974590806716827,1.0,0.9,True,21399
unix,environement variable assignment followed by command,0.9804123184159356,1.0,0.9,True,19384
unix,How to grep a text recursively on BusyBox 1.0?,0.9948581251978076,1.0,0.8,False,20496
unix,Why Service accounts in Linux and Unix Systems?,0.9539151386482473,1.0,0.5,True,19931
unix,Debian and Systemd: breaking ordering cycle error,0.9835911698809956,1.0,0.6,False,12485
unix,newgrp and groups assigned via pam_group.so,1.0,1.0,1.0,False,4979
unix,how to duplicate values of each row under each for n times?,0.9885264032492206,1.0,0.8,False,10971
unix,How to loop through each file in FTP directory using a bash script,0.9896359828069471,1.0,0.7,False,36476
unix,How to grep a specific line _and_ the first line of a file?,0.9846161519822171,1.0,0.9,False,25923
unix,Is there any way to check df -k hanging for nfs mount issues?,0.9939956270166759,1.0,0.8,False,17393
unix,What are the advantages / disadvantages Linux file hierarchy has in compare to other OSs?,0.9707244933334745,1.0,0.7,False,26989
unix,How to limit a user's RAM on Ubuntu?,0.9849363087116301,1.0,0.8,False,12754
unix,How to check how long a process has been running?,0.9996441063108915,1.0,1.0,False,18893
unix,Total vs listed directories,0.9808405357824252,1.0,0.9,True,10693
unix,Mapping key combination with xmodmap,0.9988514771653649,1.0,1.0,False,3610
unix,Moving pacman from root to /home partition,0.9987680229890545,1.0,0.9,False,10984
unix,Directory size calculation difference,0.9648736350960313,1.0,0.8,False,12646
unix,"Why does ""xdg-open"" fail although ""xdg-mime query defaut "" succeeds on Ubuntu 10.10?",0.9999344475798899,1.0,1.0,False,15037
unix,Why is cd not a file in /bin?,0.9995122290657075,1.0,0.9,True,21350
unix,"What is a Superblock, Inode, Dentry and a File?",0.9997024237292333,1.0,1.0,False,18896
unix,Directories are listed twice,0.986015356359961,1.0,0.7,True,9719
unix,Lightweight outgoing SMTP server,0.9999319290120114,1.0,1.0,False,7563
unix,Should /usr and /home be on different partitions?,0.9819796900497395,1.0,0.6,False,12437
unix,Which mp3 tagging tool for Linux?,0.9862386876429222,1.0,0.7,False,14264
unix,Installing two glibc alongside in debian/ubuntu,0.9899721249655664,1.0,0.9,False,18356
unix,`seq` and bash brace expansion failing,0.9852261260359392,1.0,0.8,False,8374
unix,What is the appropriate kernel for the i7-4770K CPU?,0.9932090428602433,1.0,0.9,False,4901
unix,Result of diff two files with switched lines says missing the same line twice,0.9987400551991511,1.0,0.9,False,27990
unix,Trim with LVM and dm-crypt,1.0,1.0,1.0,False,639
unix,"""including"" files in fstab",0.9986759471349409,1.0,0.9,False,19998
unix,Turn off buffering in pipe,0.9999796179615523,1.0,1.0,False,2550
unix,How do I unbooklet a PDF-booklet?,1.0,1.0,1.0,False,448
unix,How to fix dpkg-buildpackage: command not found?,0.9992852197967663,1.0,1.0,False,17468
unix,unable to open X server,1.0,1.0,1.0,False,14224
unix,Install R in my own directory,0.9933382619357489,1.0,0.8,False,16694
unix,Is it possible to run binvox (or any X11 app) on a Linux server without display?,0.9549152576283796,1.0,0.5,False,30348
unix,How can I check which shell I am currently using?,0.9977330648529538,1.0,1.0,False,29260
unix,Ubuntu- How do I change clock speed from terminal?,0.9124497448285933,1.0,0.4,False,13803
unix,Access history of a file,0.9898081735004097,1.0,0.7,False,21164
unix,Remember a half-typed command while I check something,0.9786846397063876,1.0,0.8,False,20961
unix,How to reconnect a logically disconnected USB device?,0.9974124321361358,1.0,0.9,False,5497
unix,process files in a directory as they appear,0.9996969329985872,1.0,1.0,False,23785
unix,How can I list only the directories present in a directory using ls?,0.994509359613014,1.0,0.8,False,29977
unix,How do I stop a bash shell PS1 color to stop at the end of the command?,0.9905099080191829,1.0,0.8,False,19659
unix,Visualizing ansi color escape codes in log files correctly in Emacs,0.9974565879312487,1.0,0.9,False,24667
unix,Remove line containing certain string and the following line,0.9985635999988995,1.0,0.9,False,17977
unix,Cygwin has no watch command?,0.9808936353919556,1.0,0.8,False,12743
unix,What does * next to the file name mean in the output of ls?,0.9700790967299346,1.0,0.6,False,25816
unix,Need a command sequence that will move files from one directory to another based on a particular year?,0.9787586071055072,1.0,0.6,False,35206
unix,How to clean up the RAM memory that is being used as cache memory?,0.9997909311941644,1.0,1.0,False,26198
unix,why . and .. are listed when ls -a command executed?,0.9987243373602765,1.0,0.8,True,17471
unix,Linux for low-end hardware and internet browsing,0.9962855182819419,1.0,0.8,False,16060
unix,How does tcp-keepalive work in ssh?,0.9842214516762033,1.0,0.7,False,15520
unix,/usr/ucb/cc: language optional software package not installed,0.9977387554437699,1.0,0.8,False,17132
unix,How to redirect the output of any command?,0.9997410123955741,1.0,0.9,False,16407
unix,Find the disk-space usage of a directory and all it's files,0.987869044928352,1.0,0.8,True,25854
unix,Is it possible to modify the colors in bash?,0.9789696153392381,1.0,0.7,False,11248
unix,How do I find the running GUI environment from the terminal?,0.9957473742726488,1.0,0.9,False,21600
unix,"Meaning of ""* */1 * * *"" cron entry?",0.99883467428224,1.0,0.9,False,17195
unix,Weird behaviour on debian machine,0.9860280473935721,1.0,0.7,False,8751
unix,Using sftp to Transfer a Directory?,0.9815347971357405,1.0,0.7,False,28095
unix,"In Bash scripting, what's the meaning of "" $! ""?",0.9923946800223539,1.0,0.8,False,11704
unix,Automatic sleep not working in Gnome,0.9885657471678838,1.0,0.8,True,15922
unix,How to create a sequence with leading zeroes using brace expansion,0.9999460986637638,1.0,1.0,False,27796
unix,Staggering the authentication delay on failed `su` or `sudo`,0.9932097627203242,1.0,0.9,False,7084
unix,Is there way to replace value of symbolic link?,0.9885728054763085,1.0,0.9,True,14462
unix,Use a script parameter in awk,0.973209549330538,1.0,0.7,False,28647
unix,Command to display first few and last few lines of a file,0.9903323574039263,1.0,0.6,False,29529
unix,How to create SHA512 password hashes on command line,0.9956293083425068,1.0,0.9,False,20777
unix,grep - why do brackets in grep pattern remove the grep process from ps results?,0.9710930890921339,1.0,0.7,True,12027
unix,Which bash will expand  {1..$VAR} in the same way that zsh does,0.9709632349872599,1.0,0.8,True,25060
unix,"Ssh to a box, run a command, output data to a file, then move on to the next IP adress",0.9305648860747975,1.0,0.5,True,35445
unix,What's the default order of linux sort?,0.967245472267109,1.0,0.7,False,16881
unix,How To Diagnose Faulty (onboard) Network Adapter,0.9995521612573803,1.0,1.0,False,3521
unix,Remove duplicate $PATH entries with awk command,0.9771261530724545,1.0,0.8,True,17773
unix,How can I limit the output speed of stdout?,0.9720052735349914,1.0,0.6,False,8076
unix,How to find the device is connected to which usb hub in linux OS?,0.9865209734697467,1.0,0.9,True,22957
unix,Remotely control an xorg session,0.9989605076663177,1.0,1.0,False,5164
unix,Format external hard drive to linux compatible file system,0.9918059555899637,1.0,0.8,False,31171
unix,Configure up-arrow to browse through commands with same initial characters rather than all previous commands,0.990711438521931,1.0,0.9,False,19055
unix,How to specify a custom autocomplete for specific commands?,0.9916784392082977,1.0,0.8,False,15931
unix,Beginning to learn Unix and Linux,0.9523971876947086,1.0,0.6,False,14729
unix,Time synchronization of machines on LAN to GPS NTP server on the LAN,0.9888717916799228,1.0,0.9,False,15734
unix,"What does ""rc"" in .bashrc stand for?",0.9533058814342119,1.0,0.8,True,1187
unix,"Is there any book , Tutorial on very very advanced shell scripting",0.9365323095184755,1.0,0.6,False,10329
unix,Can i use & variable of sed for doing operation inside $()?,0.9791464559444983,1.0,0.8,False,27194
unix,Resetting password of another Linux,0.985521036819324,1.0,0.9,False,16904
gaming,Is there any actual use for food in Skyrim?,0.977019121539098,1.0,0.9,True,12938
gaming,What benefits does being a Jew give me?,0.999959365477051,1.0,1.0,False,3374
gaming,Where do you find a booze barrel?,0.9978525348136836,1.0,0.9,False,5906
gaming,How do I transfer Pokemon from Black 2 to X/Y?,0.9885733187128962,1.0,0.8,False,8973
gaming,"Inferno Act 1 Gold Farming, Skeleton King vs. Butcher",0.9996642510842013,1.0,0.9,False,7515
gaming,How long does it take Tonila to get her gold back? Or is there a better way?,0.9805537875425258,1.0,0.5,False,23200
gaming,How do I establish peace between the Geth and the Quarians?,1.0,1.0,1.0,False,246
gaming,Is magic a powerful and effective offensive class on skyrim from level 1 onwards?,0.9303925512095136,1.0,0.6,True,14153
gaming,Can I start a game on one PC and continue on another?,0.9563209043661594,1.0,0.8,True,23629
gaming,What type of armor should I use as a thief?,0.9896585800219513,1.0,0.7,False,12062
gaming,How much storage space is required to play Grand Theft Auto 5 on the Xbox 360?,0.9942978523819275,1.0,0.8,False,16946
gaming,Playing Wii Without a TV,0.9795834310830769,1.0,0.9,True,13297
gaming,How do I fast travel in Batman Arkham Origins?,0.9995934386994463,1.0,1.0,False,2375
gaming,Do Dota 2 battle point boosters stack?,0.9967398964798589,1.0,0.9,False,13616
gaming,Where does Civilization V prefer to place each civ at the start?,0.9988256255232887,1.0,0.9,False,7916
gaming,What does this icon do in dota 2?,0.9993434581646651,1.0,0.9,False,7383
gaming,What skills from other party members affect witch doctor summons?,0.9994381088663745,1.0,0.9,False,4269
gaming,How to identify unidentified items in Diablo 3,0.9984626861177485,1.0,1.0,False,8359
gaming,"Is there a way to skip the ""Choose Production"" option for a city for a turn?",0.9883171316093716,1.0,0.7,False,13176
gaming,Where are all the random dungeons?,0.9982595752977251,1.0,0.8,False,1919
gaming,"How does the ""Revive at Corpse"" option work?",0.999369325022758,1.0,0.9,False,7629
gaming,Max Resistance in Diablo 3,0.9741305794186772,1.0,0.8,True,5954
gaming,How can I save my game after beating Ganon in Twilight Princess?,0.9919799130537739,1.0,0.8,False,15346
gaming,Where are the save files located?,0.9982442012572214,1.0,0.9,False,4404
gaming,What are the requirements for valid housing in Terraria 1.2,0.9833348325017127,1.0,0.8,False,11536
gaming,Where are the terminals for the Hanar Diplomat mission?,0.9954921347491976,1.0,1.0,False,1940
gaming,What does rating a memory sequence do?,0.9963841988362068,1.0,0.9,False,1363
gaming,"What is the best obtainable gear in Heavy Armor, Light Armor and Clothing?",0.9950364827273804,1.0,1.0,True,4419
gaming,When does loot respawn in DayZ?,0.9999977954330248,1.0,1.0,False,699
gaming,Minecrat forge 1.6.4 not running?,0.9946815508519332,1.0,0.9,False,9389
gaming,How do you recover socketed gems/runes from an item?,0.999288153225946,1.0,0.9,False,4359
gaming,im in single player minecraft and im lost,0.9567180380242475,1.0,0.5,False,7250
gaming,How can I improve my chances to find Hearts (Life Crystals)?,0.9980531668337694,1.0,0.9,False,8091
gaming,How do I quickly create a safe shelter?,0.9890661765524813,1.0,0.7,False,3128
gaming,Starcraft 2 maintaining unit formations,0.9965064275595867,1.0,0.8,False,8119
gaming,Do bosses or boss encounters respawn?,0.9981050916209664,1.0,0.9,False,1502
gaming,Attack moving or Attack Canceling,1.0,1.0,1.0,False,4262
gaming,Does Diamond Skin scale?,0.9769891417295501,1.0,0.9,True,682
gaming,What gives higher experience in smithing?,0.9970413676366288,1.0,0.8,False,4458
gaming,What is the difference between Black Souls and White Souls?,0.9811651433477528,1.0,0.8,False,5424
gaming,How can I make it so people can't join on my minecraft pe world even when they are on the wifi zone?,0.989507678521584,1.0,0.7,True,13471
gaming,Why bother getting larger soul gems in Skyrim?,0.9859424429755314,1.0,1.0,True,14945
gaming,How can I tell what type of damage an enemy is dealing?,0.9778110181453412,1.0,0.7,True,7802
gaming,Can mobs go through portals?,0.9997903349528562,1.0,1.0,False,6282
gaming,What skills/runes can I use to maximize my monk's single/AOE DPS?,0.9983662842056448,1.0,0.9,False,12962
gaming,Does Teemo Blind blocks Darius Ultimate?,0.993512604964063,1.0,0.8,False,1918
gaming,How am I supposed to kill the frost troll?,0.9981116259741478,1.0,0.9,False,4381
gaming,How does learning enchants from disenchanting work?,0.9938788518630108,1.0,0.8,False,6200
gaming,How does the massacre bonus work?,0.9984745798741083,1.0,1.0,False,6462
gaming,"Minecraft game play is red & blue, but title is gray",0.9176144633880856,1.0,0.4,False,21529
gaming,Buying Diablo 3 in a different region,0.9862289061749014,1.0,0.7,False,10263
gaming,What are the main changes made to the game going from Civilization IV to V?,0.9734900526446959,1.0,0.8,True,20279
gaming,What do bookcases do for enchanting?,1.0,1.0,1.0,False,402
gaming,What are the effects of Pokemon Amie in X and Y?,0.9975543100009351,1.0,0.9,False,4436
gaming,Can you drop tier? (Season 4),0.9946631853473101,1.0,0.9,False,4253
gaming,Why does Diablo stop attacking at extremely low life?,0.9862789466836192,1.0,0.8,False,5716
gaming,Can hostile mobs spawn on leaves in Minecraft Beta 1.8 or higher?,0.9717161626196037,1.0,0.8,True,9732
gaming,How can I fix the auto-login to the Cerberus network (EA Online),0.9705063732509471,1.0,0.5,False,3805
gaming,Can I use dagger stealth multiplier on a dragon?,0.9785065050799887,1.0,0.7,False,11170
gaming,What are the effects of each attribute?,0.9992446385701589,1.0,0.9,False,3331
gaming,Change difficulty,0.9993903330585913,1.0,0.8,False,3617
gaming,Building Barbarian in Inferno,0.9998697566889753,1.0,1.0,False,2731
gaming,How hard/expensive is it to set up and maintain a Dojo alone?,0.9604211284443587,1.0,0.7,False,4783
gaming,How do you use sprays in Team Fortress 2?,0.9848861953905704,1.0,0.5,False,16342
gaming,Why is Anderson not a councilor?,0.0,0.0,0.9,False,9
gaming,What affixes are available on items?,0.9965010014167577,1.0,0.9,False,5122
gaming,How do I remove water from my base?,0.9994138510100384,1.0,0.9,False,3051
gaming,Won't let me become guild master of the thieves guild,0.9999548569010469,1.0,1.0,False,2983
gaming,How do I get extra bags in Neverwinter?,0.9754440331187592,1.0,0.7,False,13981
gaming,"What is a Minecraft mod really, and how can I sanely manage them?",0.9974559509029544,1.0,0.8,False,6989
gaming,Please instruct me on how to light myself on fire,0.9692215274509963,1.0,0.7,True,3119
gaming,Portal: The First Slice Demo Glitch,0.9795828708799844,1.0,0.7,False,4972
gaming,Follower Missing in Skyrim,0.9367510450095753,1.0,0.3,True,4616
gaming,Will I lose my League/Rank in Starcraft 2 due to inactivity?,0.9959497846398628,1.0,1.0,False,9214
gaming,What effects do choices in Wings of Liberty have in Heart of the Swarm?,0.9996116021686672,1.0,1.0,False,4122
gaming,Where and when can I find Kasumi Goto in ME3?,0.9725229962731949,1.0,0.8,False,5962
gaming,How can you view your skill level?,0.9598752066022459,1.0,0.5,False,7036
gaming,How do event bosses work?,0.9965537816441429,1.0,1.0,False,6562
gaming,Where to find specific monster items,0.9882733131071872,1.0,0.7,False,10661
gaming,How to access squad members' additional outfits,0.9945158713202307,1.0,0.9,False,2427
gaming,Do I earn enough skill points to unlock everything?,0.9714157282207074,1.0,0.7,True,8671
gaming,Will corruption/hallows destroy mud-based life?,1.0,1.0,1.0,False,3226
gaming,A virtual machine to play old Windows 95 and 98 games that has CPU timing?,0.9934688884822498,1.0,0.9,False,23561
gaming,ION iCade with Mame on a PC,0.9947931559151837,1.0,0.8,False,1514
gaming,Can two players play non-simultaneously?,0.9844088759960788,1.0,0.7,False,15299
gaming,What is kiting?,1.0,1.0,1.0,False,44
gaming,how to level up quicker in borderland 2,0.9997140741683139,1.0,0.9,False,11305
gaming,How much time do we have to wait to sell another car?,0.9964235820336474,1.0,0.8,False,12690
gaming,"In Diablo 3, are Barbarians ever able to Dual wield 2 handed weapons?",0.9976837319993366,1.0,0.9,False,15374
gaming,How much HP/MP you get with Vampire/Siphon/Balance runes?,0.9794611331060685,1.0,0.8,True,15906
gaming,What does Fortification do?,1.0,1.0,1.0,False,18
gaming,How do you cope with nausea in FPS?,0.9367140104676142,1.0,0.5,True,279
gaming,Reachwater Rock door problems?,0.9936563794847283,1.0,0.7,False,3619
gaming,How to find the xyz location of objects in minecraft?,0.8824329255525121,1.0,0.2,True,9166
gaming,how do I view the map not the mini map in assassins creed III on ps3,0.9817133164152442,1.0,0.9,True,4347
gaming,Xbox live email address,0.9914240547239874,1.0,0.8,True,2269
gaming,How does road maintenance work?,0.9994232890993633,1.0,0.9,False,5619
gaming,"What do Golden Keys do, and how do they work?",0.9999341245219847,1.0,1.0,False,6461
gaming,The Paragon/Renegade option towards the end of Mass Effect 3 aren't opening up,0.9906990310451168,1.0,0.8,False,12665
gaming,Can you reset your Portal 2 coop progress?,1.0,1.0,1.0,False,8488
gaming,Is it still possible to set your username in offline mode in Minecraft 1.6 and later?,0.9732459929756249,1.0,0.9,True,17471
gaming,Can I disguise myself as a guard?,1.0,1.0,1.0,False,419
gaming,Arena keys and corresponding wins,0.9882044755835027,1.0,0.9,False,2030
gaming,Is there any application that can help limit my gaming time?,0.946964396536047,1.0,0.5,False,20526
gaming,Wheel of Misfortune,1.0,1.0,1.0,False,127
gaming,How do I ward properly in DotA 2?,0.967422640890028,1.0,0.5,False,7456
gaming,How is Experience handled with Companions?,0.9528830668825058,1.0,0.7,False,1618
gaming,Good hero for a beginner?,0.9575514912318682,1.0,0.4,False,3097
gaming,Is it possible to get Steam to continue downloading a game while I'm playing?,0.9958234231829327,1.0,0.8,False,28903
gaming,Set home in any world Starbound,0.9828846644084165,1.0,0.6,False,5165
gaming,Cannot find my infamous second son paper trail code,0.9698465115904006,1.0,0.7,False,9177
gaming,Can you access the photos you take with the camera?,0.9708345459808663,1.0,0.6,False,4358
gaming,Will installing a game on Xbox allow me to bypass a location at which the disc becomes unreadable?,0.9971794556800557,1.0,0.9,False,17461
gaming,What use are Chocolate Bars,0.9980427220315358,1.0,0.9,False,10738
gaming,What is the fastest way to get candies?,0.9809563063048453,1.0,0.4,False,18886
gaming,Does levelling up skills have any more effect than just making me level up/get perks?,0.9975839285907125,1.0,0.8,False,22330
gaming,Does putting a key in a capsule mean you can hack more?,0.9909630328800307,1.0,0.8,False,5426
gaming,a technical issue while assigning imperial items task,0.9841856780975379,1.0,0.9,True,5295
gaming,Minecraft inventory dragging glitch,0.9448572348813938,1.0,0.5,False,3506
gaming,Opening the gate inside the center pit on level 4,0.9699225097557271,1.0,0.6,False,9558
gaming,Where can I find legendary crafting materials?,0.9993527561893016,1.0,1.0,False,6724
gaming,"Leveling taking ages in WoW, any tips?",0.9856171972014556,1.0,0.8,True,8821
gaming,Should I catch up with the Gears of War series or just start with part 3?,0.9883358137677725,1.0,0.8,False,11641
gaming,Why does my spawn point change on my SMP server every time I respawn?,0.9927471672681639,1.0,0.9,False,15110
gaming,Which class has the Highest DPS against tanks on wave 666?,0.990459438361707,1.0,0.8,False,1871
gaming,Is it possible to get Space Cadet 3D pinball on Vista?,0.9888950482635107,1.0,0.8,False,17407
gaming,The Computer is broken - repeating characters,0.9601924184685882,1.0,0.3,False,4201
gaming,Fastest way to get petty/lesser souls,0.9928516445073727,1.0,0.8,False,19148
gaming,Diamonds on Minecraft,0.9997752511918049,1.0,1.0,False,2550
gaming,How do you spread taint in Thaumcraft 4?,0.9876032460342277,1.0,0.7,False,2738
gaming,"Is it possible to ""upgrade"" the crafting materials?",0.9965437303048127,1.0,0.9,False,6730
gaming,Skyrim: My Best Friend is a mass Murderer!,0.9672339391375577,1.0,0.6,False,5356
gaming,How do you use potions?,0.99555031287325,1.0,0.7,False,10570
gaming,Can you steal from someone's house without being caught?,0.9992981289312133,1.0,1.0,False,6057
gaming,How does redstone power side blocks?,0.9988751424781217,1.0,0.9,False,3842
gaming,What are effective PvP strategies in Minecraft?,0.9866673176243796,1.0,0.9,False,6441
gaming,Not able to see opponent's drawing in Draw Something,0.9983706832733313,1.0,0.9,False,10486
gaming,Is there a block that spider can't climb,0.999994984381083,1.0,1.0,False,1659
gaming,How does the %damage property on a weapon work?,0.9985147647421871,1.0,0.9,False,9494
gaming,How do I find the murdered woman in Windhelm?,0.9824535560435319,1.0,0.7,False,5999
gaming,What's the minimum number of booster tracks needed to get up to full speed?,0.9856186417996904,1.0,0.8,False,18780
gaming,How many books can each home in Skyrim hold?,0.9703672235535892,1.0,0.8,False,4774
gaming,Why can't I log-in in my Minecraft launcher?,0.9928272559643485,1.0,0.8,False,3191
gaming,What's the most efficient Minecraft mining strategy?,0.9659416255276673,1.0,0.6,False,4431
gaming,"What are all the correct answers to the Squirrel's questions, and what is the reward when I get them all correct?",0.9949294744881019,1.0,0.9,False,16781
gaming,How to skip battle animations in Civilization V?,0.9580094824547928,1.0,0.6,False,2756
gaming,Who gives the quest leading to Volkrund Keep in Falskaar?,0.9955694637029466,1.0,0.9,False,6882
gaming,Can someone explain me OpenTTD's train signals quick and easy?,0.9930703871748954,1.0,0.8,False,4377
gaming,"Why do people look at me sometimes and make remarks that I should sleep, or that I look ill?",0.987620477066649,1.0,0.7,False,11333
gaming,What are the numbers next to player names?,0.974805503039438,1.0,0.8,False,7037
gaming,Is Kerrigan Level achievement bugged?,0.9987986662772821,1.0,1.0,False,7441
gaming,"What is ping, and why is it important?",1.0,1.0,1.0,False,896
gaming,Where can I legally download SIM Farm?,0.9999335284265757,1.0,1.0,False,2376
gaming,Can I restore my wiped out religion in Civ 5 Gods and Kings?,0.9998818088209268,1.0,1.0,False,3372
gaming,Can you import someone else's Mass Effect 1/2 Save Game?,0.9931560088125628,1.0,0.9,False,23833
gaming,How would I go about divorcing my spouse?,0.9978838829587656,1.0,0.8,False,10825
gaming,What is the Meta Game?,0.9836511202614091,1.0,0.7,True,13848
gaming,What is the precedence of Guardian Angel compared to other revive effects?,0.988796281418516,1.0,0.8,False,3805
gaming,Rare monster with a strange ability and a skull icon on top of it,0.9786867577560717,1.0,0.7,False,4068
gaming,What do you mean by the cards from voting for Community Choice Flash Sale?,0.9959905060835932,1.0,0.8,False,4582
gaming,Both beds owned in Skyrim Hearthfire house?,0.9811481602205551,1.0,0.8,False,2259
gaming,What's honor for?,1.0,1.0,1.0,False,71
gaming,Datacron Locations,1.0,1.0,1.0,False,1318
gaming,What's the secret in the room with a floating purple block with Fez text on it?,0.9945771418580264,1.0,0.9,False,3208
gaming,How do I get the 'On A Rail' achievement?,0.9999990433187701,1.0,1.0,False,14315
gaming,"Does the ""Life on Hit"" affix work on channeled / DoT wizard spells?",0.98907839128492,1.0,0.8,False,8395
gaming,How can I give my follower a horse?,0.9725182890423321,1.0,0.6,False,4518
gaming,"How do I set my level, unlocked weapon equip slots and playthrough mode?",0.9994456729315795,1.0,1.0,False,12934
gaming,What's the best way to level at 19?,0.9634482675943766,1.0,0.6,False,13586
gaming,What do I lose when I quit a multiplayer game in BF3?,0.9688620355123904,1.0,0.8,True,15803
gaming,How does rune combiner work?,0.9999755254130039,1.0,1.0,False,6134
gaming,How do I get powdered mammoth tusk?,0.9994590773524638,1.0,1.0,False,13471
gaming,Is it possible to search for existings auctions of a rare item?,0.9893566241122221,1.0,0.7,False,9650
gaming,Faster ways to transfer resources & share control with other players?,0.9748180867195554,1.0,0.7,True,13413
gaming,"In FTL Advanced Edition, what can be gained from manning sensor or door subsystems?",0.9880555951318979,1.0,0.7,False,4006
gaming,How do I focus these crystals?,1.0,1.0,1.0,False,644
gaming,How does the post-2.0 Puzzle Ring work?,0.9795802985382623,1.0,0.7,False,12672
gaming,"How to get rid of Steam items, especially coupons?",0.9890043582001081,1.0,0.8,False,17298
gaming,How do I download Minecraft 1.6.4?,0.995987522842209,1.0,0.9,True,9410
gaming,Is it possible to automatically switch active unit in a group after cast in Dota 2?,0.9788253227869427,1.0,0.5,False,14199
gaming,Where do I increase the torch timer?,0.9871464384441933,1.0,0.7,False,1965
gaming,Houses in skyrim,0.9987128119984128,1.0,0.8,False,1990
gaming,Can't buy power from neighboring city,0.9899203789768611,1.0,0.9,False,4334
gaming,How do I progress in Ars Magica 2?,0.9943427237878864,1.0,0.9,False,7698
gaming,I started dragon assault DLC at low level came back at a high level,0.9867349677994519,1.0,0.9,True,14262
gaming,What do you do with the items that are made on Imperial levels in Tiny Death Star?,0.9937619109962733,1.0,0.9,True,10331
gaming,I selected a different quest and now I can't get back to the quest I was on,0.9813555838612967,1.0,0.7,False,19418
gaming,Does having more than 3 worker per resource point decrease gathering efficiency?,0.9983039011452779,1.0,1.0,False,9461
gaming,Can you use skylanders giants on the new swap force?,0.9959984950019571,1.0,0.9,False,14149
gaming,Further skill points and levels in borderlands 2,0.9996487841545603,1.0,1.0,False,14323
gaming,Can Dark Elixir be stored without a storage facility,0.9878471738556238,1.0,0.7,False,4984
gaming,Borderlands Mac OS X version play online with Windows version?,0.9624185530924918,1.0,0.8,False,14323
gaming,Can I alter the biome of an area?,0.9997693638740333,1.0,1.0,False,1727
gaming,"How do I prevent rats from eating a corpse that I left unattended? Also, is this a bad thing?",0.9941410547275921,1.0,0.8,False,9664
gaming,What is the best modifier/reforge for the Vulcan Repeater?,0.9984327215902602,1.0,0.9,False,2414
gaming,Where can I find Daedra hearts?,0.9998156529768988,1.0,1.0,False,6090
gaming,Which (if any) mission changes are predetermined?,0.9665662650226241,1.0,0.5,False,4497
gaming,AC:R using mute effectively,0.9025198807575886,1.0,0.4,False,12739
gaming,Do i have to select a perk in order to level it?,0.9893697254553078,1.0,0.9,False,7579
gaming,Small Spoiler. Can I store 2 cars in a specific Safehouse Garage?,0.9984013713131177,1.0,0.9,False,10168
gaming,How much memory does a block hold?,0.9911096692449809,1.0,0.7,False,5230
gaming,What does 1 intellect translate to damage for a wizard?,0.9801338645542443,1.0,0.8,False,7264
gaming,Which Wii console version has GameCube compatibility?,0.9949219196703483,1.0,0.9,False,3655
gaming,How to farm tall jungle trees?,0.9496691523932155,1.0,0.4,False,1475
gaming,Is BAWSAQ down / under maintenance right now?,0.9814130037919583,1.0,0.8,False,2386
gaming,Can trees grow without sunlight?,1.0,1.0,1.0,False,4102
gaming,When is the Evade chance calculated for enemy ships?,0.9735456448721745,1.0,0.7,False,4318
gaming,What can I do to secure my towns/castles/hovels from climbing spiders?,0.9974980768088657,1.0,0.9,False,1247
gaming,College of Winterhold entry problem - Fear spell,0.9999555570297588,1.0,1.0,False,3918
gaming,"How do I solve the ""Shopper Unsatisfied"" and ""We need money"" problems?",0.9882245177768456,1.0,0.7,False,7950
gaming,"What is the fastest car in GTA 5, and where can I find it?",0.9900644570438784,1.0,0.8,True,8505
gaming,How to Grabbing Keys In Runner 2,0.9884280828552089,1.0,0.8,True,8046
gaming,What should I do with all these claws?,1.0,1.0,1.0,False,61
gaming,What do houses require to advance?,0.9806715859751797,1.0,0.7,False,3086
gaming,What is the best potion to make fast money and level alchemy?,0.993574786810981,1.0,0.8,True,12341
gaming,Cannot find Underground Jungle Temple,0.9999647360686511,1.0,1.0,False,7192
gaming,How does Magic Weapon (and its runed varieties) interact with other skills?,0.9808280736755295,1.0,0.7,False,5240
gaming,Has anyone had success with Voice Chat in StarCraft 2?,0.9950598944101372,1.0,0.9,False,10385
gaming,How does enemy progression work?,0.9774754575242545,1.0,0.7,True,8180
gaming,How do you kill an Enderman without them teleporting?,0.9983657309387355,1.0,0.9,False,6509
gaming,Is there any way of making a snow golem survive in hot biomes?,0.997998893154971,1.0,0.9,False,13214
gaming,Where is my downloaded trailer?,1.0,1.0,1.0,False,1443
gaming,Does magic find on followers do anything?,0.9763774243291904,1.0,0.6,False,9999
gaming,Hobo guy doesnt have Emo gloves in south Park: Stick of Truth,0.9987606172378577,1.0,1.0,False,1409
gaming,How to buy the plane?,0.9993113065306265,1.0,1.0,False,2047
gaming,Do the random vampire attacks end when you finish the main Dawnguard quest?,0.9981216499559438,1.0,0.9,False,9380
gaming,What happens to skill levels gained via training if I use a Fateweaver?,0.9870507850662658,1.0,0.7,False,18234
gaming,How much do I need to invest into the artisan to fully upgrade?,0.9932060991123592,1.0,0.9,True,8543
gaming,How to map mutliple keys to a button in Half Life 2/Team Fortress 2?,0.9920912696006556,1.0,0.9,False,12085
gaming,Is it possible to restart story missions in Borderlands 2?,0.985102784994941,1.0,0.7,False,13273
gaming,Longer render distances in minecraft,0.9940557948893379,1.0,0.9,False,3457
gaming,Are some racers faster than others?,0.9917538042872932,1.0,0.8,False,1421
gaming,What levels-up Psi-abilities?,0.9529599310644079,1.0,0.7,False,6282
gaming,Where can I find a Forsworn Briar Heart?,0.999108971495543,1.0,0.9,False,6101
gaming,What are some high level strategies for 2v2's?,0.9996124542855213,1.0,1.0,False,6837
gaming,No wifi connection on DS Lite,0.9991280823425637,1.0,1.0,False,1447
gaming,Where can I buy sawn logs for all the different plots in Hearthfire?,0.9712552208432992,1.0,0.7,False,6606
gaming,Is it intentional that the last blue monster to die carries most of the loot?,0.9904458484489119,1.0,0.9,False,5296
gaming,How can I make skyrim audio volume is a bit louder?,0.8928463405959814,1.0,0.6,True,7767
gaming,"What exactly defines a champ who ""falls off late""",0.9669966836821219,1.0,0.6,False,2487
gaming,Is Wriggle’s Lantern worth getting on an AD carry?,0.9959936773393205,1.0,0.9,False,14816
gaming,How do I sell back a completed building in StarCraft 2?,0.9989478258300973,1.0,0.9,False,14334
gaming,How do enemies and monsters level up?,0.998802976903848,1.0,0.9,False,7785
gaming,"What are the various item colors, and what do they mean?",0.9965652002475062,1.0,0.9,False,6833
gaming,Effect of AS on Sweeping Wind,1.0,1.0,1.0,False,3267
gaming,Can I keep the Rueful Axe and get Clavicus Vile's Mask?,0.9994024162403916,1.0,1.0,False,15013
gaming,Is there any way to respec?,0.999129949655197,1.0,1.0,False,8520
gaming,Is there a way to change the skills so that right mouse is not always secondary,0.9882910914420965,1.0,0.9,False,15141
gaming,How can I throttle Steam?,0.999287951280593,1.0,1.0,True,1743
gaming,How do I make money efficiently?,0.9976906960725519,1.0,0.9,False,6406
stats,Approximation of explained variance,0.9896372692688283,1.0,0.8,True,7210
stats,How to perform step() when n < p in R?,0.9898379936856428,1.0,0.7,False,20972
stats,Is it required for panel data to use dummy variables?,0.9967240404519837,1.0,0.8,False,33256
stats,Threshold for correlation coefficient to indicate statistical significance of a correlation in a correlation matrix,0.9920857889930423,1.0,0.8,False,17928
stats,How to scale a variable to a specific mean and standard deviation,0.9913718683039501,1.0,0.7,True,23238
stats,Why does standard error not involve population size?,0.996760915162973,1.0,0.8,False,12609
stats,"In testing random numbers, what other tests should I use to complement the Kolmogorov-Smirnov?",0.983303305914635,1.0,0.8,True,31198
stats,Cross tabulation of two categorical variables: recommended techniques,0.9255319589542215,1.0,0.3,False,21635
stats,Converting a similarity to a dissimilarity,0.9936691682402037,1.0,0.9,False,4015
stats,Can two RM ANOVAs be run including one variable that is the same but this variable only be significant in one of the ANOVAs?,0.977155453817128,1.0,0.6,True,28194
stats,How to compare 2 regression slopes with R?,0.9973336924523669,1.0,0.9,False,27052
stats,Confidence interval about the difference between false positive and false negative proportions,0.9633296373778136,1.0,0.6,True,17076
stats,clustering algorithm for real time event,0.9975244792441588,1.0,0.9,False,14034
stats,Training with the full dataset after cross-validation?,0.9959415505072416,1.0,0.9,False,8244
stats,Is the percent of total deviance explained a useful model summary?,0.9977718194882456,1.0,0.9,False,29623
stats,"pLSA - Probabilistic Latent Semantic Analysis, how to choose topic number?",0.9999651284268984,1.0,1.0,False,14455
stats,Chi-squared goodness-of-fit statistic if expected frequency is zero,0.9951217554671093,1.0,0.8,False,19116
stats,Boxplot for several distributions?,0.9914896165434661,1.0,0.8,False,10814
stats,What's the difference between probability and statistics?,0.9997676444988626,1.0,1.0,False,20078
stats,"What is $P(X_1>X_2 , X_1>X_3,... , X_1>X_n)$?",0.9999070834938973,1.0,1.0,False,7558
stats,Bayesian and frequentist approaches: What are some success stories for the former?,0.9913789484825739,1.0,0.9,False,5666
stats,Confusion regarding a probability problem,0.9927304766181291,1.0,0.8,False,14038
stats,Odds Ratio Coefficient,0.9990437365219341,1.0,0.9,False,4899
stats,Maximum Likelihood formula for Naive Bayes,0.9998633076016833,1.0,1.0,False,5498
stats,How to statistically compare two time series?,0.9994365557050539,1.0,0.9,False,22997
stats,"Calculating required sample size, precision of variance estimate?",0.9578193783236841,1.0,0.6,False,20899
stats,Conditional Expectation for Probability Distribution,0.9798978355674215,1.0,0.7,False,15143
stats,F and t statistics in a regression,0.997465367123284,1.0,0.8,False,16322
stats,How to use SVD for dimensionality reduction,0.9999765299447317,1.0,1.0,False,23808
stats,calculate partial autocorrelation,0.9931522611095274,1.0,0.9,True,7303
stats,Significant predictor loses significance when second non-significant predictor is entered (log regression),0.9747510889259449,1.0,0.7,True,18979
stats,Properties of moment-generating functions,0.999907733762685,1.0,1.0,False,9643
stats,Interpreting AIC and BIC fit,0.9993591421192395,1.0,1.0,False,7413
stats,How to perform linear regression with categorical factors?,0.998541026941701,1.0,0.9,True,16109
stats,How to determine whether a categorical variable is statistically significant?,0.9940113581164672,1.0,0.9,False,22386
stats,How to perform a test using R to see if data follows normal distribution,0.9799174815095237,1.0,0.6,False,37239
stats,k-means and different metrics,0.9991411522508453,1.0,0.9,False,19829
stats,"If you know a factor is significant, what is a reason why R might think it's not?",0.974324712227093,1.0,0.6,True,25121
stats,Normality test with p-value equal to zero,0.9950150701019186,1.0,0.8,False,24503
stats,Weighted geometric mean vs weighted mean,0.9836143276421525,1.0,0.6,False,12756
stats,Weka clustering,0.9999371186123809,1.0,1.0,False,1849
stats,How to easily determine the results distribution for multiple dice?,0.9939386264012293,1.0,0.8,False,19054
stats,Find linear subsets in a 2D point (xy) data,0.9399047976592515,1.0,0.5,True,26238
stats,Normal curve probability mean,0.9975107903288859,1.0,0.8,False,17253
stats,Evaluate definite interval of normal distribution,0.9970580416164624,1.0,1.0,False,14089
stats,Random permutation of a vector with a fixed expected sample correlation to the original?,0.9914854313205587,1.0,0.8,True,19662
stats,Online logistic regression?,0.9956104564567245,1.0,0.8,False,9140
stats,Performance evaluation of auto.arima in R and UCM on one dataset,0.9970013909864082,1.0,0.9,False,23873
stats,Ordinal item on Likert scale as dependent variable in regression,0.9891498476275126,1.0,0.7,False,19532
stats,impact on hypothesis if t-stat is equal to t-critical value for one-tail two-sample t-test?,0.9891072928273641,1.0,0.7,False,30986
stats,What is the difference between a parametric test and non-parametric tests?,0.9992273969151472,1.0,0.9,True,19505
stats,"What is your favorite, easy to use statistical analysis website or software package?",0.9632544308369693,1.0,0.5,False,28757
stats,Effect of moving average parameter on variability and variance of demand,0.9461471814347635,1.0,0.6,False,21475
stats,"Can a dichotomous variable (yes/no) be merged with a Likert measure (1,2,3,4) using z scores?",0.9920051061250218,1.0,0.9,False,36374
stats,Weibull analysis,0.9999360869092123,1.0,1.0,False,5812
stats,Repeated measure problem,0.9996251275799434,1.0,0.8,False,12607
stats,Variable Selection,0.9974434754511334,1.0,0.8,False,14062
stats,In what order should you do linear regression diagnostics?,0.9969535478519038,1.0,0.9,False,13104
stats,No linear effects but a quadratic effect,0.9998679910137916,1.0,0.9,False,8849
stats,A constant as an admissible estimator,0.9726031153911235,1.0,0.7,False,8287
stats,What is Deviance? (specifically in CART/rpart),0.999934161915552,1.0,1.0,False,3409
stats,Is there a simple rule for interpretation of Interactions (and their directions) in binary logistic regression?,0.9872677883392683,1.0,0.8,False,15588
stats,How to check if data constitute a time series with simple moving average method?,0.9859412334128771,1.0,0.8,True,27498
stats,Help interpreting R linear model fit,0.9823533303170041,1.0,0.7,True,24783
stats,Are these events independent?,0.9991519740907493,1.0,0.9,False,5180
stats,Books for self-studying time series analysis?,0.9735483969707937,1.0,0.5,False,16233
stats,Analysis to perform,0.9998188094419151,1.0,0.9,False,8810
stats,Use of kernel density estimate in Naive Bayes Classifier?,0.9966983902814618,1.0,0.9,False,27177
stats,"What does ""unbiasedness"" mean?",0.9983154839407551,1.0,0.9,False,9833
stats,80% of missing data in a single variable,0.9877013530166966,1.0,0.8,False,26365
stats,PCA on non-centered data,0.959187169221326,1.0,0.5,False,20586
stats,PMF of two Poisson RV subtracted from each other,0.9961802151860757,1.0,0.9,False,11722
stats,Is there any use for the quantity $\int f(x)^2 dx$ in statistics or information theory?,0.9861238752093293,1.0,0.8,True,34451
stats,Adding new item to recommender's options?,0.9974684635872177,1.0,0.9,False,6910
stats,Reference with distributions with various properties,0.9969321389958822,1.0,0.9,False,12116
stats,Is a test with small effect size and high sensitivity meaningful or useful?,0.9980642329077482,1.0,0.9,False,29929
stats,R language-statistics-significance testing,0.8705622360589245,1.0,0.3,False,22106
stats,Neyman-Pearson lemma: critical region and hypothesis testing,0.9949066809128343,1.0,0.9,False,11287
stats,How to calculate the signal-to-noise ratio (SNR) in an image?,0.9991853444909735,1.0,0.9,False,10528
stats,What is the intuition behind conditional Gaussian distributions?,0.9684506285670338,1.0,0.8,False,12247
stats,How can I use logistic regression with categorical variables?,0.9989109134526372,1.0,0.8,False,30217
stats,Should covariates that are not statistically significant be 'kept in' when creating a model?,0.9432552028933064,1.0,0.4,False,22481
stats,How do I interpret the results of a Breusch–Pagan test?,0.9998272977651839,1.0,1.0,False,16210
stats,Continuous dependent variable with ordinal independent variable,0.9997445784119876,1.0,0.9,False,16146
stats,How to interpret results from a nonparametric Wilcoxon test,0.9999933161902196,1.0,1.0,False,16306
stats,"How to tell if data is ""clustered"" enough for clustering algorithms to produce meaningful results?",0.9962569896898533,1.0,0.9,False,24845
stats,Linear regression not fitting well,0.9981997636156783,1.0,0.9,True,15323
stats,Sanity check question about correlation between log-normal random variables,0.938755537106726,1.0,0.5,True,27017
stats,Rule of thumb for number of bootstrap samples,0.9866697083693392,1.0,0.7,True,15176
stats,Postive correlation but negative coefficient in regression,0.9928601098386273,1.0,0.8,False,13458
stats,What do you do when a centroid doesn't attract any points?,0.9908344825434423,1.0,0.9,True,5873
stats,What's the accuracy of data obtained through a random sample?,0.9796558289044193,1.0,0.5,False,26205
stats,Forcing a set of numbers to a gaussian bell-curve,0.9919330843440629,1.0,0.9,False,15874
stats,Boxplot interpretation: is it correct that a boxplot is missing a whisker?,0.9999592856718467,1.0,1.0,False,8527
stats,Is the W statistic outputted by wilcox.test() in R the same as the U statistic?,0.9859002681201507,1.0,0.8,False,22679
stats,How to properly handle Infs in a statistical function?,0.9480744606156176,1.0,0.5,False,14508
stats,Good book on statistics,0.9974053650654945,1.0,0.7,False,11611
stats,Covariance matrix proposal distribution,0.9711165655918975,1.0,0.6,False,12960
stats,Estimates of variance from an iid sample,0.9942517036258721,1.0,0.8,False,15669
stats,Converting standard error to standard deviation?,0.9784237711747366,1.0,0.6,False,8782
stats,R-squared for linear mixed effects model,0.9987635956380513,1.0,0.9,True,23308
stats,How should I transform non-negative data including zeros?,0.9995246427796842,1.0,0.9,False,23209
stats,Why do regression coefficients change when excluding variables?,0.9498370091718399,1.0,0.3,False,19117
stats,exact percentage change for the estimated COOP effect,0.9410590599621768,1.0,0.5,True,14450
stats,Interpreting a confidence interval,0.9999983043287568,1.0,1.0,False,5493
stats,Prerequisites for AIC model comparison,0.9999573608835235,1.0,1.0,False,14458
stats,What correlation makes a matrix singular and what are implications of singularity or near-singularity?,0.9788166264201733,1.0,0.6,False,11742
stats,Difference between one-tailed and two-tailed testing?,0.9990961358613634,1.0,0.9,True,26876
stats,ANOVA assumption normality/normal distribution of residuals,0.9998227358622482,1.0,1.0,False,14305
stats,OLS in R with linear inequality constraints on coefficients,0.9648994796554333,1.0,0.7,False,15424
stats,Improvement of regression model,0.9956273516301873,1.0,0.9,False,17575
stats,Why continue to teach and use hypothesis testing?,0.9727634461598165,1.0,0.7,False,27837
stats,Conditional Expectation / Estimator Confusion,0.9770116597828211,1.0,0.6,False,12466
stats,"Distribution function, applied to itself?",0.9941125407048762,1.0,0.8,True,15659
stats,Is $R^2$ useful or dangerous?,0.9664819045120087,1.0,0.7,False,31693
stats,Can the empirical Hessian of an M-estimator be indefinite?,0.9927207314897261,1.0,0.9,False,7806
stats,Difference between two separate multiple regression analyses and one combined using dummy variables,0.9894064777854856,1.0,0.8,True,36334
stats,Forecasting daily online visits in r,0.9721611018650926,1.0,0.6,False,11438
stats,Why is it that it is self-defeating to use the posterior mode as the bayes estimator in this case?,0.9642213578479757,1.0,0.5,False,28282
stats,Computing and plotting a correlogram,0.9998171565390087,1.0,1.0,False,6596
stats,What is the difference between Variance and Standard Deviation (SD) intuitively?,0.989861137787135,1.0,0.7,True,17955
stats,Does the sign of the principal component become meaningless with centered variables?,0.9875663705248783,1.0,0.8,False,14452
stats,Fisher's exact test on 2x4 table,0.9999164839776417,1.0,1.0,False,12599
stats,Log and natural log,1.0,1.0,1.0,False,3188
stats,A simple optimization problem,0.9991586010888661,1.0,0.9,False,10824
stats,Intuitive explanation of differences between TOST and UMP tests for equivalence,0.9966444674749826,1.0,0.9,True,19186
stats,How to get the prediction values for two response variables from random forest?,0.9907016705120387,1.0,0.9,True,30540
stats,Why is the Fisher Information matrix positive semidefinite?,0.9941728544924753,1.0,0.9,False,7943
stats,Distribution of a vector divided by its sum,0.9861470556975278,1.0,0.8,False,13070
stats,"Multivariate Hypergeometric Distribution with ""or more"" Successes",0.9951302950976683,1.0,0.9,False,10349
stats,"If A and B are correlated with C, why are A and B not necessarily correlated?",0.9786613869929928,1.0,0.7,False,10895
stats,MC Integration Interval Probability,0.929296890974385,1.0,0.4,False,8191
stats,Dynamic recommender systems,0.9818432942459876,1.0,0.5,False,2127
stats,Detecting outstanding events,0.990550387750456,1.0,0.9,True,2000
stats,Optimal software package for bayesian analysis,0.9687016393834053,1.0,0.6,False,10654
stats,multicollinearity in OLS regression,0.9999607420972596,1.0,1.0,False,8620
stats,"""Normalizing"" variables for SVD / PCA",0.9988813052504709,1.0,0.9,False,16576
stats,Determining If Transformation of Variables X Are Needed,0.9916077798248735,1.0,0.8,False,23566
stats,Change in regression coeficient using multiple regression,0.9859380563173106,1.0,0.7,False,28012
stats,Incremental or online or single pass or data stream clustering refers to the same thing?,0.9950094438354528,1.0,0.9,False,22698
stats,Statistics and Probability interview questions,0.9970239283105875,1.0,0.9,False,19509
stats,Diagnostics for logistic regression?,0.9970919914435983,1.0,0.9,False,8684
stats,Sample size for a variable number of answers,0.998651514952414,1.0,1.0,True,24792
stats,"If MGF exists, does it imply that all $E(X^n)$ exist?",0.9950037085991232,1.0,0.8,False,18489
stats,Multicollinearity in OLS,0.9999949314459035,1.0,1.0,False,881
stats,Kriging on log transformed rainfall data,0.9988865551134426,1.0,0.9,False,20099
stats,Finding the probability of getting a complete set from N classes of objects in M draws,0.9758355782548563,1.0,0.6,False,25758
stats,Why should the feature be standardized before feeding to the neural network algorithm,0.9868756439411223,1.0,0.8,False,9165
stats,Bottom to top explanation of the Mahalanobis distance?,0.9899062500463566,1.0,0.7,False,2860
stats,Is it meaningful to calculate Pearson or Spearman correlation between two Boolean vectors?,0.9984050944095378,1.0,0.9,False,18890
stats,Generalized linear mixed model in R,0.9974882590822681,1.0,0.9,False,21864
stats,Distributions other than the normal where mean and variance are independent,0.9999177616226879,1.0,1.0,False,20493
stats,Logistic sample and case numbers,0.9988734788564371,1.0,0.9,False,19075
stats,Function of an efficient estimator?,0.9985124216259756,1.0,0.9,False,12751
stats,Meaning of significance test,0.9996301574780309,1.0,0.9,False,18674
stats,Why does including latitude and longitude in a GAM account for spatial autocorrelation?,0.9216575292975226,1.0,0.4,False,4861
stats,create dataset for particular correlation for two variable,0.9728789271998465,1.0,0.6,False,24039
stats,Homoskedasticity Assumption: Var(y|x)=Var(u|x)=constant?,0.9809795476769538,1.0,0.7,False,11775
stats,What is the expected correlation between residual and the dependent variable?,0.9976493924162223,1.0,0.8,False,18262
stats,How to determine whether a set of data are qualitative or quantitative?,0.9942149834647881,1.0,0.9,False,23742
stats,How to perform unsupervised Random Forest classification using Breiman's code?,0.999404721485215,1.0,1.0,False,28493
stats,Sum of squared errors,0.9996194595233636,1.0,1.0,False,9268
stats,"Comparison of two error distributions to determine ""goodness of fit""",0.9878874466247605,1.0,0.6,False,25588
stats,Is interaction possible between two continuous variables?,0.9857841639697065,1.0,0.5,True,22512
stats,Confidence interval for the height of a histogram bar,0.9515973214416663,1.0,0.7,True,4563
stats,"non significance with one-way ANOVA, but significance with multiple comparisons",0.9973543050905788,1.0,0.9,False,23838
stats,Convergence of a sequence of random variables,0.9988384696092674,1.0,1.0,False,16670
stats,How to include number of not-yet-decayed radioactive atoms in MLE?,0.9676613940568575,1.0,0.5,False,11347
stats,Steps to figure out a posterior distribution when it might be simple enough to have an analytic form?,0.9928685314440803,1.0,0.8,False,17302
stats,Why is the p-value written with a supremum?,0.9967823209981184,1.0,0.8,False,15663
stats,Recommend an enjoyable / introductory book on Statistics,0.9870490706298901,1.0,0.9,True,9314
stats,Calculate AUC of a logistic regression model,0.9982884703734038,1.0,0.9,True,21558
stats,Quantitative method to determine necessary and sufficient causes,0.9764188503601887,1.0,0.7,True,9997
stats,Cross-validation for mixed-effect logistic regression?,0.9766463352007707,1.0,0.6,False,14419
stats,Significant ANOVA interaction but non-significant pairwise comparisons,0.9963375700397927,1.0,0.9,False,10089
stats,Testing for difference between two percentages (using confidence intervals),0.9917425581682627,1.0,0.7,False,32641
stats,Fitting a logistic regression using lassoglm in matlab,0.9951752834379003,1.0,0.8,False,27789
stats,How do I interpret this fitted vs residuals plot,0.9997687984133562,1.0,0.9,False,11238
stats,The Two Cultures: statistics vs. machine learning?,0.9943271153304593,1.0,0.9,False,18708
stats,What is a good algorithm for estimating the median of a huge read-once data set?,0.9708094125810351,1.0,0.6,False,27975
stats,Proof that if higher moment exists then lower moment also exists,0.9905504135845578,1.0,0.8,False,11174
stats,How can I efficiently model the sum of Bernoulli random variables?,0.9965381912949082,1.0,0.8,False,24092
stats,Using regression equation to estimate values outside of the range of data?,0.93660669436382,1.0,0.4,True,35276
stats,How can I determine local minima from a Kernel Density Estimation?,0.9579172795904918,1.0,0.7,False,11219
stats,How to test for equality of means for proportions? And two-sided or one-sided?,0.9826219949489686,1.0,0.6,False,28311
stats,What is the current 'standard' for modern statistical computing hardware?,0.953508807327609,1.0,0.5,False,14492
stats,How to interpret regression coefficients for a variable with takes positive and negative values?,0.9960307970367819,1.0,0.9,False,26902
stats,How to use gain and splitinfo for continuous attributes?,0.9998676310446902,1.0,1.0,False,24563
stats,What hypothesis for A is better than B?,0.9980410052220494,1.0,0.9,False,9313
stats,Naive Bayes for two continuous features,0.9943419713037759,1.0,0.8,False,14266
stats,Markov chain getting stuck due to insufficient data samples,0.9705936862447294,1.0,0.6,False,26583
stats,GLM Distribution of Residuals,0.9986825157437117,1.0,0.9,False,11218
stats,"What are examples where a ""naive bootstrap"" fails?",0.9774845843260204,1.0,0.7,False,9577
stats,estimator(preferably unbiased) of $\ln E[X]$,0.9877085648687534,1.0,0.6,False,19281
stats,Is the R language reliable for the field of economics?,0.9480713346939321,1.0,0.4,False,11336
stats,How to compare ratings of airlines on a Likert scale when different participants have rated different airlines?,0.9993257264158665,1.0,0.9,False,16658
stats,What does this test mean?,0.9999746597640499,1.0,1.0,False,17279
stats,Log or square-root transformation for ARIMA,0.9779452175406796,1.0,0.8,False,7096
stats,How to interpret a 95% confidence interval of a proportion?,0.9999757093458277,1.0,1.0,False,7124
stats,Representing a distance matrix in the plane,0.9699472073361528,1.0,0.5,False,6066
stats,How to calculate p-value for t-test if original data is not available?,0.9786112014447224,1.0,0.7,False,31406
stats,rescale a vector x to lie between arguments LOWER and UPPER in R,0.986609753548515,1.0,0.8,False,18392
stats,Significant interaction with non significant main effect,0.9977941068560616,1.0,0.8,False,11824
stats,"How to perform a regression model with a mix of binary, nominal, ordinal, and continuous predictors?",0.9784365482074584,1.0,0.8,False,21583
stats,prcomp() vs lm() results in R,0.9980521173240513,1.0,0.9,False,16410
stats,Meaning of Likelihood in layman's terms,0.9895194355288514,1.0,0.9,False,13411
stats,How to theoretically fit and test for t-distribution,0.9962071105622461,1.0,0.9,False,20146
stats,Two negative beta's in a curvilinear regression when mean centered or using standardized values,0.9897190805226936,1.0,0.7,False,35491
stats,Clustering using different distance measures,0.9998927964650777,1.0,1.0,False,29440
stats,Are there concerns with doing a generalized additive model with a smoothing term of multiple variables?,0.9921786567933323,1.0,0.8,False,24764
stats,Deletion residuals,0.9996263069540282,1.0,0.9,False,2017
stats,T-test vs. one-way ANOVA,0.9970786621368091,1.0,0.9,False,24259
stats,What is a good internet based source of information on Hierarchical Modeling?,0.9264973379575565,1.0,0.5,False,20431
stats,Trigonometric operations on standard deviations,0.9653323119907362,1.0,0.8,True,5052
stats,Summation representation for multivariate regressions (or other time-saving techniques),0.9525269005716865,1.0,0.5,False,17848
stats,"In R, how do I fit a student-t distribution to a set of empirical data?",0.9979521470788405,1.0,0.9,False,29917
stats,Estimate PDF from only positive data,0.9507330583740417,1.0,0.5,False,23668
stats,No degrees of freedom in LR rest of multinomial logistic regression,0.9891084213065339,1.0,0.8,False,10036
stats,Correlated Regressors - Motorway Accidents,0.9360425584880162,1.0,0.3,True,4220
stats,Stepwise regression in R – Critical p-value,0.9931761174904621,1.0,0.9,True,24739
stats,Should I use variance or standard deviation as weights to combine independent measurements?,0.9999206446219011,1.0,1.0,False,30068
stats,Comparing two classifier accuracy results for statistical significance with t-test,0.9992126027726348,1.0,1.0,False,25679
stats,Standardized beta weights for a multilevel regression,0.9963734149678262,1.0,0.9,False,13947
stats,Confusion related to predictive distribution of gaussian processes,0.9565831829544559,1.0,0.6,False,18020
stats,Comparing two logit or probit curves using a single parameter,0.9947761238545202,1.0,0.9,False,30361
stats,How to interpret regression coefficients when response was transformed by the 4th root?,0.9690526941116817,1.0,0.7,False,14218
stats,"Probability of observing value EQUAL to +2 SD in a standard normal dist with parameters N(0,1)",0.9880681368371128,1.0,0.8,False,33169
stats,Difference between 'link function' and 'canonical link function' for GLM,0.9634803140962103,1.0,0.6,False,18145
stats,"Calculating the 95th percentile: Comparing normal distribution, R Quantile, and Excel approaches",0.9826037077257012,1.0,0.8,True,25802
stats,Calculating standard deviation associated with percentage change,0.9927896584250276,1.0,0.7,False,13090
stats,"How can I calculate $\int^{\infty}_{-\infty}\Phi\left(\frac{w-a}{b}\right)\phi(w)\,\mathrm dw$",0.9976859272567227,1.0,0.9,False,15742
stats,Calculation of AUC value from ROC Curve,0.99987247736737,1.0,1.0,False,16818
stats,Computing p-value using bootstrap with R,0.9866075042666168,1.0,0.6,False,32097
stats,"When I add higher order terms in a regression, do I need to add the main effect?",0.9776514943848352,1.0,0.6,True,20984
stats,Econometrics: Panel data without unit identifier,0.9964970814367349,1.0,0.9,False,20564
stats,Recommended books or articles as introduction to Cluster Analysis?,0.9828280322318823,1.0,0.7,False,9525
stats,chisq.test in R doesn't produce same answer as by-hand,0.9924425675009709,1.0,0.8,False,20578
stats,How to test for significant difference between 2 binary variables in one sample,0.9866469168060259,1.0,0.6,False,34852
stats,Can non-normal data be used for factor analysis?,0.9994250141660671,1.0,1.0,False,32848
stats,How to compare two groups when one only has one data point?,0.993929174613315,1.0,0.7,True,30703
stats,Determining an optimum and distribution range for a given species abundance vs an environmental gradient data,0.9965689048464281,1.0,0.8,False,28027
stats,"""Accept null hypothesis"" or ""fail to reject the null hypothesis""?",0.9960992824505241,1.0,0.9,False,3982
stats,Correlation between discrete and continuous variables,0.9998375952774264,1.0,1.0,False,15850
stats,Probability distribution and uniform distribution in a sphere,0.9865295670473186,1.0,0.9,False,12611
stats,How to correlate ordinal and nominal variables in SPSS?,0.9928318696603192,1.0,0.8,False,15447
stats,Should I use log transformation for my linear regression?,0.9984672175313454,1.0,0.8,False,28162
stats,Example of distribution where large sample size is necessary for central limit theorem,0.9990565259882896,1.0,1.0,False,22321
stats,Understanding the effect of each parameter in a Monte Carlo Simulation,0.9984219396458427,1.0,0.9,False,13680
stats,Why is coefficient of determination used to assess fit of a least squares line?,0.9837835347387273,1.0,0.7,False,28655
stats,normalising constant on exponential of exponential,0.9892275145559746,1.0,0.6,False,2024
english,Question mark(s) when asking about a quoted query,0.9991314983719563,1.0,0.9,False,8221
english,What is the polite word describing a person who unreasonably says and does things to make a person happy?,0.9747982716142514,1.0,0.6,False,23992
english,'to' / 'rather than' / 'but',1.0,1.0,1.0,False,1326
english,Picking up my daughter,0.9934451973280364,1.0,0.9,False,422
english,"I need a word that means ""easily understood or relatable to the common man""",0.976217922968922,1.0,0.8,True,24166
english,More eloquent word or phrase,0.9882860774779985,1.0,0.8,True,17284
english,"Are double negatives proper English (e.g. ""I don't know nothing"")?",0.9963195258842686,1.0,0.9,False,14735
english,suspended hyphen usage,0.982978055679406,1.0,0.6,False,3951
english,Should proper nouns be capitalized when used as verbs?,0.9894023428091843,1.0,0.8,False,19365
english,"Is it correct to say ""There's many a ...""?",0.9972111122335753,1.0,0.9,True,16419
english,Is there a single word or a phrase that can be used to denote either Before or After?,0.9543268475009675,1.0,0.6,True,26307
english,Origins of possessive pronouns,0.999135749876838,1.0,1.0,False,3165
english,Capitalization of bpm/BPM meaning beats per minute,0.9433050999951835,1.0,0.5,False,12995
english,Should the question mark be in the middle of a sentence?,0.9858220813007571,1.0,0.8,False,13861
english,Difference between «so that» and «such that»,1.0,1.0,1.0,False,6259
english,"What is the object called that does the activity of collapsing — ""collapser"" or ""collapsor""?",0.9786487877348624,1.0,0.8,True,4778
english,'Comes in' instead of 'is coming in' or 'came in',0.9992681301377749,1.0,0.9,False,6423
english,"What does ""deader than a doornail"" mean?",1.0,1.0,1.0,False,12240
english,"How do I deal with quotation marks, parenthesis and period all at the end of a sentence?",0.9813716627550154,1.0,0.7,False,11521
english,Plural of input,0.8035542181044456,1.0,0.2,False,1298
english,Capital Letters from 1700,0.9856415790201175,1.0,0.9,True,1284
english,"What is the origin of the term ""throw the book""?",0.9642669656671738,1.0,0.6,False,7281
english,"How to pronounce ""tuple""?",0.8320769895055663,1.0,0.7,False,844
english,How to say the total amount?,0.9915324376505626,1.0,0.9,False,8972
english,"What is the correct usage of ""bring"" and ""take""?",0.9232970961894752,1.0,0.4,True,12730
english,"Difference between ""anyone"" and ""everyone""?",0.999917263057509,1.0,1.0,False,7942
english,"What are the similarities and differences between ""irony"" and ""sarcasm""?",0.9997752070680227,1.0,1.0,True,7817
english,What literary device is this?,0.998270153854824,1.0,0.9,False,328
english,What do you call a circular paved protuberance added to a paved street?,0.9911929181825009,1.0,0.9,False,4113
english,"""<verb> off of"" expressions",0.9995654753805476,1.0,0.9,False,5643
english,What's the difference between i.e. and that is?,0.9997473326044037,1.0,0.9,False,8249
english,L versus LL in British versus US English,0.9348040499313831,1.0,0.4,False,8403
english,"Who, the subject or the object of the main clause, does the subject pronoun of a subordinate clause refer to?",0.9851088829152415,1.0,0.9,True,6571
english,Term for words that sound alike but have different meanings and spellings,0.9947917647991513,1.0,0.9,False,26782
english,Sincerely [comma?] name,0.9934699245765892,1.0,0.7,False,3727
english,How do I greet someone in a different timezone when my morning is his evening?,0.9999686134055626,1.0,1.0,False,11446
english,"Has English adopted any common morphemes from languages that are not Greek, Latin, or French?",0.9977158874841411,1.0,0.9,False,9291
english,What words are commonly mispronounced by literate people who read them before they heard them?,0.9934442749915854,1.0,0.7,False,19297
english,"""I will do it by Monday"". Does it mean before the beginning or before the end of Monday?",0.9717877462174164,1.0,0.6,False,14003
english,"Difference between ""invest in"" and ""invest into""",0.9997230591310714,1.0,1.0,False,6316
english,"What is an antonym for ""sin""?",0.8402470389833011,1.0,0.2,False,336
english,"What is the exact difference between ""into"" and ""onto""?",0.9999895952545947,1.0,1.0,False,7403
english,Is [Its'] a word? (Note the apostrophe at the end.),0.9826172859493049,1.0,0.8,False,15189
english,"""I am full to die."" — Is this sentence correct?",0.9897609739066172,1.0,0.9,False,15577
english,"""PIN Number"" — why do we say it?",0.9824752953097227,1.0,0.8,False,9360
english,"""It is me"" vs. ""It is I""?",1.0,1.0,1.0,False,3169
english,"""Planning for next year"" vs. ""planning for the next year""",0.9916851077952571,1.0,0.8,False,5266
english,An (consonant) object,1.0,1.0,1.0,False,1237
english,"Word or phrase for ""one needing to see it to believe it""",0.9154195546879939,1.0,0.3,True,24498
english,Quick or Quickly: “How to Install a PHP Extension: Quick and Easy”,0.9411676901470378,1.0,0.8,True,935
english,Punctuation with Abbreviations,0.9999713471752818,1.0,1.0,False,856
english,What is the word for an unmarried female?,0.9956742806850507,1.0,0.7,False,13673
english,"""Anachronism"" is to ""time"" as what is to ""space""?",0.9559969144344173,1.0,0.5,False,4433
english,"""talk to"" vs ""talk with""",0.9996127819013194,1.0,0.9,False,4530
english,Are 'effectually' and 'effectively' completely interchangable?,0.9854191248188644,1.0,0.7,False,2063
english,"Do I need to use a comma before ""everyone"" to set off the vocative?",0.9626943537846738,1.0,0.6,False,18754
english,"What is the difference between ""photo"" and ""image""?",0.9940481987911447,1.0,0.8,False,6825
english,Best practice for reply to thanks?,0.9685707733730312,1.0,0.6,True,3877
english,"Is ""grammar nazi"" politically correct?",0.9901741374313238,1.0,0.8,False,9917
english,What size of number should be written in digits as opposed to spelt out?,0.9421457963316198,1.0,0.6,False,2804
english,Chainsaw-equipped or chainsaw equipped?,1.0,1.0,1.0,False,74
english,Question followed by statement,0.9999998975887531,1.0,1.0,False,11013
english,What is the correct name for 'soda'?,0.9913617796931862,1.0,0.9,True,11141
english,"""Do's"" and ""don'ts"" or ""do's"" and ""don't's""?",1.0,1.0,1.0,False,21
english,What is the meaning of “till death do us part”?,0.9957582593078765,1.0,0.9,False,14444
english,"Should I say I work ""for"" or ""with"" my supervisor?",0.9614787740652065,1.0,0.6,False,10472
english,"Does ""the same number of people"" behave as singular or plural?",0.9659406914160198,1.0,0.5,False,5938
english,Should I say 'What I wanted to say is' or 'What I wanted to say was'?,0.9972827847923228,1.0,0.7,False,11102
english,When do we use “had had” and “have had”?,1.0,1.0,1.0,False,16472
english,"""[somebody]'s theme"" vs ""[somebody] theme"" — Saxon genitive dillema",0.999613898063377,1.0,1.0,False,3871
english,"Difference between ""therapy"" and ""treatment""",0.999716214705558,1.0,0.9,False,6332
english,"Formal alternative for ""suck""",0.9799070411672041,1.0,0.5,False,1886
english,"Is there a better name for this than ""emphatic and""?",0.9997350027702434,1.0,1.0,False,5184
english,"Does ""within an hour"" mean before, after, or both?",0.9409671008563875,1.0,0.5,False,12777
english,"Difference between ""idiom"" and ""proverb""?",0.9998453046755998,1.0,0.9,False,7149
english,"What are the correct plural forms of ""penis""?",0.9994625262202649,1.0,0.8,True,11094
english,Is “-th” still a productive suffix in English?,0.9524261835596263,1.0,0.6,False,8475
english,"""Is likely to be"" vs ""are likely to be""",0.9946986399489708,1.0,0.8,False,11596
english,"Is it really incorrect to start a sentence with ""and""?",0.9848768043885661,1.0,0.6,False,12230
english,"Where does the saying ""made from scratch"" originate?",0.9629741531704877,1.0,0.5,False,11305
english,What's more appropriate to use-- make or made?,0.9999041124831971,1.0,1.0,False,19603
english,Quotations that skip paragraphs,0.9899001573083087,1.0,0.9,False,692
english,"Is the usage of ""exact same"" a redundant phrase?",0.983923667897475,1.0,0.9,True,9692
english,"What is a word that includes clothing, accessories, shoes, undergarments, outerwear, etc.?",0.9932934627907181,1.0,0.9,False,15034
english,"What is the origin for meaning of ""Wild-card""?",0.9753238815845948,1.0,0.8,False,13689
english,Usage of brackets for missing or unclear transcription,0.9719200232938909,1.0,0.7,False,4356
english,Why is 'more than one' considered singular?,0.9988994825599392,1.0,0.9,False,11345
english,"Do we use ""which"" or ""that"" when referring to the preceding main clause as a whole?",0.9789290502075141,1.0,0.7,False,19073
english,Singular or plural after optional parentheses,0.9997182735486666,1.0,1.0,False,2095
english,"""running on windows"" vs ""running under windows""",0.922289571026733,1.0,0.6,False,3881
english,"""Thus"" vs. ""Thusly""",0.9978888318135695,1.0,0.9,False,3575
english,Character pointer correct pronunciation,0.8615632342439802,1.0,0.2,False,9842
english,"Do you need to get ""a"" -or- ""an"" European ID",0.8943261818447303,1.0,0.4,True,5187
english,"Are there two comparative forms of ""clear""?",0.9975249847697746,1.0,0.8,False,8078
english,Why are clothes “hung” but men “hanged”?,0.9691773228955103,1.0,0.9,True,546
english,"A single word for ""non-empty"" or ""not empty""",0.9666147913981691,1.0,0.5,False,14554
english,What are the historical reasons for the conventional sequence of footnote symbols?,0.9440554896331467,1.0,0.8,True,2191
english,"How to pronounce ""Jobs's...""?",0.9438565937020053,1.0,0.2,False,1372
english,"“John Doe”, “Jane Doe” - Why are they used many times?",0.9945958328197667,1.0,0.9,False,19680
english,"Why is ""won't"" allowed?",1.0,1.0,1.0,False,498
english,"We taste tastes, smell scents, hear sounds, see sights, but is there a word for things we feel with our skin?",0.9933762714269169,1.0,0.8,True,19585
english,"Which preposition to use in “communication [over, by, through, via, with] email”?",0.9327457214997397,1.0,0.4,False,17243
english,"Which term correctly identifies those who enjoy programming/technology: ""geek"" or ""nerd""?",0.9995007996256088,1.0,1.0,False,12852
english,"Usage of ""will"" and ""would""",0.9939457803301227,1.0,0.7,False,11320
english,"Use of the term ""maths""",0.9994123417384668,1.0,1.0,False,18389
english,"""I am"" vs ""am"" - When should they be used in a sentence?",0.9924128041353893,1.0,0.6,False,22844
english,"To come undone, what does it mean?",0.9983735888431795,1.0,0.9,False,14251
english,"What is the difference between ""clothes"" and ""clothing""?",0.9983360920718318,1.0,0.9,False,6367
english,"""merits""and ""demerits"" &""strengths"" and ""weaknesses""",0.9941103030791676,1.0,0.9,False,208
english,"""Authoring"" versus ""Writing""",0.9936080091935887,1.0,0.8,False,4407
english,"""Dear Sir (or Madam)"" when gender unknown?",0.9981434975331641,1.0,1.0,False,529
english,What public domain thesauruses are available?,0.9284821180975044,1.0,0.3,True,931
english,A does the same B as does C,1.0,1.0,1.0,False,1276
english,Can one compensate down? Is that an appropriate use of the word compensate?,0.98736899650588,1.0,0.8,False,27390
english,What is it called when an interjection is inserted inside another word?,0.9656170070312537,1.0,0.5,False,16767
english,"Is the proper phrase ""Be Discovered"" or ""Get Discovered""?",0.965739460672602,1.0,0.6,False,9163
english,"How are ""yes"" and ""no"" formatted in sentences?",0.9019778511066411,1.0,0.2,False,9832
english,"Why himself and themselves, not hisself and theirselves?",0.0,0.0,0.1,False,1
english,“To enable him to escape” vs. “to enable him escape”,0.9749603035140372,1.0,0.6,True,3312
english,"""He doesn't"" vs ""He don't""",1.0,1.0,1.0,False,3169
english,Are there pangrams shorter than ‘the quick brown fox jumps over a lazy dog’?,0.9938226640275432,1.0,0.8,False,1066
english,"What does ""as good a film as the Coen brothers...have ever made"" mean?",0.9951273907954991,1.0,0.9,False,15046
english,"""A variety of X is"" vs. ""a variety of X are""",0.945430282968241,1.0,0.7,False,4138
english,"Single word for denoting ""various divisions of the day""",0.9940408742946675,1.0,0.8,False,15144
english,"100k ""thank yous"" or 100k ""thank you's""?",0.9893064286124398,1.0,1.0,False,1847
english,I think him to be about 50 or I think he is about 50?,0.9959352231714859,1.0,0.8,False,4732
english,"Is the apostrophe (') supposed to be omitted in names like 'King's Cross', 'King's Singers'?",0.9764063499157662,1.0,0.7,False,12140
english,Correct usage of words?,0.9994924236708533,1.0,0.9,False,21676
english,I've been seeing good movies or I've been watching good movies?,0.9894828198906288,1.0,0.8,False,5340
english,"""She be given"" vs. ""She is given""",0.9930931357413746,1.0,0.9,True,4151
english,"How to use articles with scientific words, such as mass, force, impulse, field and others?",0.9754652198081972,1.0,0.8,False,24856
english,"Help understanding this sentence structure: ""many a congressman was""",0.9617986906476108,1.0,0.6,False,14114
english,"What is the right way to spell the title ""Diana and Tom's Grill"" or ""Diana's and Tom's Grill""?",0.9908345030315112,1.0,0.8,False,8926
english,Comma usage after a direct quote?,0.953942287737922,1.0,0.8,True,5802
english,"Is the construction, ""He is a great player, is Tendulkar"" grammatical?",0.9437268794428663,1.0,0.6,True,3789
english,"Does the word ""hope"" require the use of the subjunctive mood?",0.9764307282633993,1.0,0.7,True,24250
english,"""Any"" or ""some"" in various questions?",0.9999834345846159,1.0,1.0,False,6023
english,"How to know when to use ""someone"" or ""anyone""?",0.9984579769271673,1.0,0.9,False,22071
english,In the past 2 years,0.9913306845258457,1.0,0.8,True,5800
english,"Difference in usage of ""advise"" and ""advice""",0.9746618699924389,1.0,0.8,False,9429
english,Can a dependent clause undergo inversion in English?,0.9861975865146486,1.0,0.7,False,7611
english,A Friend of Suzie's What?,1.0,1.0,1.0,False,1408
english,Difference between “this” and “that”,1.0,1.0,1.0,False,6259
english,"Is it ""shouldn't we?"" ""No, we should not"" or ""Yes, we should not"". And why?",1.0,1.0,1.0,False,496
english,"When should the word ""God"" be capitalized?",0.9997024234610534,1.0,1.0,False,13958
english,"Difference in application of ""in"" and ""at""",0.9973280462789733,1.0,0.9,True,6695
english,"Do you really answer ""How do you do?"" with ""How do you do?""",0.9999985103910005,1.0,1.0,False,4079
english,What do you call a person who's just been released from jail?,0.9922531603062354,1.0,0.8,False,6245
english,"Arguable (""susceptible to doubt"") vs arguable (""susceptible to being supported"")",0.9791963462174775,1.0,0.7,False,3912
english,How do you ask about color preferences?,0.929395024383024,1.0,0.4,False,3829
english,What is the distinction between “role” and “rôle” [with a circumflex]?,0.999201752063685,1.0,1.0,False,688
english,"""By foot"" vs. ""on foot""",0.99337537524945,1.0,0.9,False,3260
english,"When to use ""Elven"", ""Elvish"" and ""Elfic""?",1.0,1.0,1.0,False,16472
english,"What is the difference between ""farthermost"" and ""furthermost""?",1.0,1.0,1.0,False,6259
english,"Saying ""programming"" vs ""coding""",0.8064155437099978,1.0,0.3,True,11715
english,Where to put the periods when using a parenthetical sentence?,0.995573223124382,1.0,0.9,False,22259
english,"Which one is right — ""He works at company X"" or ""in company X ""?",0.9856953539817674,1.0,0.9,False,14227
english,"Meaning of ""stackexchange""",0.9972960737955057,1.0,0.8,False,12360
english,Missing the trees for the forest,0.9941603868122756,1.0,0.8,False,745
english,Term for words which change meaning when a space is added,0.9398875786684869,1.0,0.6,True,23529
english,"""Had spent"" vs. ""has spent""",0.9906760104721498,1.0,0.8,False,3261
english,"Analogy: ""as if"" vs. ""as though""",0.9778044294438588,1.0,0.7,False,4605
english,Meaning of 'no earlier than X days after Y',0.9785572955168201,1.0,0.8,True,13857
english,use of might be vs could be,0.9973505439265222,1.0,0.9,False,20644
english,"""Oriented"" vs. ""orientated""",0.9964504733586627,1.0,0.9,False,3246
english,"What is the difference between ""none of ..."" and ""neither of""?",0.999969091653175,1.0,1.0,False,7039
english,Singular noun objects of plural subjects,0.9899867222866087,1.0,0.7,False,4907
english,Word for “Woman Who Hates Men”,0.998803810399512,1.0,0.9,False,13957
english,"What is the origin of the word ""wog""?",0.9994806526915118,1.0,0.7,False,14974
english,When is it appropriate to end a question without a question mark?,0.9809702374171794,1.0,0.6,False,9603
english,What's the term for when a word is said so many times it sounds weird?,0.9716997590127868,1.0,0.8,True,21246
english,"""There's something wrong among us"" or ""There's something wrong between us""?",0.9986691059701857,1.0,0.9,False,8762
english,"Why ""a quarter of nine"" to represent 8:45?",0.9772246469886535,1.0,0.8,False,793
english,Inverted commas used around a letter or single word,0.9886878843106317,1.0,0.8,False,24842
english,Should I use capitalization when mentioning a domain name?,0.9809963772928558,1.0,0.7,False,18685
english,"ZOMG -- I get the OMG part, but Z?",0.9725326167164128,1.0,0.7,False,4668
english,"Is ""That would be great"" conveying a touch of unwillingness?",0.9872300419057887,1.0,0.8,False,9646
english,When do you use 'monies' in plural?,0.9986201917250425,1.0,0.8,False,17063
english,"Why does the verb ""be"" have so many forms?",0.9959899976593972,1.0,0.8,False,6664
english,"What is the difference between 'can', 'could', 'may' and 'might'?",0.9995049980473151,1.0,0.8,False,11871
english,"How did the term ""dongle"" come into use?",0.9682997547523681,1.0,0.9,False,19946
english,"""handy"" instead of ""mobile phone"" (non-Germans)",0.9463258702663971,1.0,0.5,False,3790
english,"Use ""to"" or a dash between numbers indicating a range?",0.9706711274025505,1.0,0.6,False,17460
english,"""Utilisability"" vs. ""usability""",0.9979324982403732,1.0,1.0,False,3203
english,"Should ""Good Morning"" always be used as the first greeting of the day?",0.9958545611585318,1.0,0.9,False,20753
english,British and other English variants of 'write to me' - 'write me'',0.9994989885353112,1.0,1.0,False,9682
english,"When did ""gay"" become associated with homosexuality?",0.9999904984314125,1.0,1.0,False,1400
english,"Is it appropriate to put a comma before ""which""?",0.978101049598966,1.0,0.5,False,3309
english,"What does “a couple” mean to you, and what does “a few” mean to you?",0.9888295401446306,1.0,0.7,False,12455
english,Usage or abusage?,1.0,1.0,1.0,False,3654
english,"""X times as many as"" or ""X times more than""",0.9996454634997958,1.0,1.0,False,6625
english,Meaning of twenty testosterone-charged men,0.9858786349859948,1.0,0.7,False,12514
english,"When is it correct to use ""yourself"" and ""myself"" (versus ""you"" and ""me"")?",0.9995525414671425,1.0,0.9,True,21351
english,Half doesn't or half don't?,1.0,1.0,1.0,False,273
english,Word for application that is both sender and receiver,0.9978866832532703,1.0,1.0,False,14109
english,"Can ""Mr"", ""Mrs"", etc. be used with a first name?",0.987404922378727,1.0,0.8,True,20446
english,Is there a term for switching syllables of words?,0.9505569561880928,1.0,0.7,True,15733
english,"Should the number ""0"" be pronounced ""zero"" or ""oh""?",0.8765810327111182,1.0,0.4,True,2404
english,Does adverb placement change the meaning in the following phrase?,0.9532299321892278,1.0,0.7,True,19895
english,'How to' vs 'How do I',1.0,1.0,1.0,False,3169
english,Why does the 'b' in absorb change to a 'p' in absorption?,0.9954799927503452,1.0,0.8,False,2944
english,"Is it ""I won't repeat it again"" or just ""I won't repeat it""?",1.0,1.0,1.0,False,303
english,What does “would not have been possible had I remained” mean?,0.988556608719331,1.0,0.8,False,19853
english,"""Made of"" vs ""made from""",0.998001021701171,1.0,0.9,False,4401
english,"""Have another think coming"" vs. ""have another thing coming""",0.988119673758963,1.0,0.8,False,13405
english,"""I'm not"" or ""I amn't"" or ""I am not""?",0.0,0.0,0.2,False,2
english,Is it proper to use a colon followed immediately by a hyphen?,0.9940983530361132,1.0,0.8,False,20609
english,Comma after quotation in parentheses,0.9851576698514423,1.0,0.8,True,1197
english,How to use however in a contrarian statement that ends with a question?,0.9440735181002707,1.0,0.7,True,21132
english,Non-offensive substitute for a swear word,0.9914352039396813,1.0,0.8,False,14396
english,"Indian English usage of ""na""",0.9732772684684333,1.0,0.6,False,9487
english,"""To be mad at somebody"" vs. ""to be mad with somebody""",0.985179895731223,1.0,0.6,False,3801
english,What is the correct plural of octopus?,0.9580654043833594,1.0,0.8,False,9483
english,How do you politely ask for someone's gender?,0.9955762156456948,1.0,0.9,False,6673
english,"""going to"" vs ""will""",0.9988370372658254,1.0,0.8,False,5437
english,"What's the difference between ""these"" and ""those""?",1.0,1.0,1.0,False,6259
english,I want to refer to Bill Gates on his blog with respect in the comments section,0.9892519342307614,1.0,0.8,False,8722
english,"Is ""Are you getting late?"" an incorrect question?",0.9799941074656793,1.0,0.5,False,8854
english,"""sit back and relax"" vs. ""kick back and relax""?",0.980052586279342,1.0,0.8,False,4489
english,"What is the difference between ""property"" and ""attribute""?",0.9981582515005696,1.0,0.9,False,6606
english,How is punctuation used after dashes?,0.9966343165448929,1.0,0.8,False,16769
english,"Difference between ""OK"" and ""okay""",0.9974235887785627,1.0,0.8,False,6988
english,God save the Queen,0.9870673618689613,1.0,0.9,False,500
english,Word for “good smell”,0.9862911443866161,1.0,0.7,False,14854
english,Asking question about position of a person in a list,0.993628824976482,1.0,0.9,False,11108
english,"How to say 100,500",0.9933985520739195,1.0,0.9,False,8688
english,"Is there a name for this type of sentence structure: ""She looks as though she's been poured into her clothes, and forgot to say 'when'""?",0.9803161248427588,1.0,0.8,False,21589
english,"Usage of the abbreviations ""w/"" and ""w/o"" in presentations",0.9616524296268224,1.0,0.7,False,5124
english,"Setup or ""set up""?",1.0,1.0,1.0,False,888
english,Interpreting the meaning of 'but' as an implication for exclusion/inclusion,0.9962877994076266,1.0,0.9,False,12616
english,Female or Male pronouns matter in this case?,0.9932165671432676,1.0,0.8,False,3892
english,th followed by an s sound,0.9983610586843397,1.0,0.9,False,8674
english,What is the correct form of address for a police officer?,0.9990323832104111,1.0,0.9,False,11263
english,"Is using ""and/or"" recommended for formal writing, or is it frowned upon?",0.9993481297040973,1.0,0.9,False,18686
english,How do you native speakers pronounce @ in an email address?,0.9445537135663231,1.0,0.5,True,3816
english,30 v. the 30. Which would be more correct?,0.9841088921548738,1.0,0.6,False,15488
english,"Can we use ""you"" to refer to a general person?",0.9938347362735351,1.0,0.9,False,20304
english,Is there a rule that dictates the usage of the ending of adjectives as in: symbolical vs. symbolic; economic vs. economical; mythic vs. mythical?,0.9547152476160619,1.0,0.5,False,10482
english,A word to describe a situation where something said has multiple meanings?,0.9696034928478512,1.0,0.7,False,25360
english,"Omitting ""nothing"" in ""nothing but""",0.9909364609383242,1.0,0.5,False,931
english,"""Relevant for"" or ""Relevant to""?",1.0,1.0,1.0,False,218
english,best grammer book for someone who wants to learn how to write better,0.9832121554299319,1.0,0.7,True,13809
english,Term for someone who lost something,0.9912290888607057,1.0,0.9,False,11698
english,"Why do we have the prefix ""be"" in ""befriend""? What's the rule?",0.9999988317637567,1.0,1.0,False,2005
english,"the correct usage of verbs""lie"" and ""lay""",0.9404601869937469,1.0,0.6,True,13253
english,"Why must ""not"" frequently be paired with ""do""?",0.9951681821281164,1.0,0.9,False,1686
english,How should pluralised inline code be highlighted?,0.9387431934491313,1.0,0.5,False,434
english,When and why did the number reading order change,0.9867427870150729,1.0,0.7,True,5963
english,"""shall"" vs. ""will""",0.999966428199717,1.0,1.0,False,3370
physics,Atmospheric pressure experiment using a cup with a fluid to hold a glass plate,0.9900323163086219,1.0,0.7,False,13464
physics,Visualization of electromagnetic field,0.9657297237219497,1.0,0.6,False,6747
physics,Calculating a 2D collision between two perfectly circular disks,0.9951463794750278,1.0,0.8,False,11495
physics,Is spacetime simply connected?,0.9944346658607864,1.0,0.7,False,3189
physics,Calculating restorative force with Hooke's Law,0.998388542198531,1.0,1.0,False,9563
physics,What sort of jobs do physics graduates with B.Sc/M.Sc get?,0.969567349172176,1.0,0.6,False,13869
physics,Static friction greater than kinetic friction,0.9974750834649292,1.0,0.9,False,2541
physics,Neutrino unaffected by gravity,0.9728685356625035,1.0,0.7,False,2476
physics,Question about two masses connected by a spring,0.9962572426551284,1.0,0.9,False,17777
physics,What were the intention/conclusions for Michelson-Morley experiment?,1.0,1.0,1.0,False,2718
physics,Is temperature of a single molecule defined?,0.9884491879711713,1.0,0.7,False,5722
physics,Why does adding solutes to pure water lower the the specific heat?,0.9898171740174634,1.0,0.8,False,7819
physics,"If 'pure energy' is photons, and energy is conserved, how can matter and antimatter (electrons and positrons) annihilate into photons and vice-versa?",0.9602561083270441,1.0,0.7,False,11877
physics,"Is it wasteful to use a heating element, instead of doing useful work?",0.9824025813605736,1.0,0.9,True,13803
physics,Why are snowflakes symmetrical?,1.0,1.0,1.0,False,554
physics,How to correct flares and sharply focus on my telescope when viewing planets.,0.9939888876486114,1.0,0.9,True,5374
physics,Is it possible for one black hole to pull an object out of another black hole?,0.9966192201186004,1.0,0.8,False,17118
physics,Does the slinky base stay perfectly level during the initial free fall,0.9927667053374276,1.0,0.6,False,7192
physics,Is it possible for a photon to be at rest?,0.992930696655708,1.0,0.8,False,7307
physics,Is there a way I can prevent static electricty buildup from shocking me?,0.9968092138343255,1.0,0.9,False,5717
physics,Higgs boson and other properties of particles.,0.9927353997963158,1.0,0.7,False,6543
physics,Singularity in a black hole,0.9999433220530854,1.0,1.0,False,1804
physics,Observing lunar lander and footprints on the moon?,0.9975232872840598,1.0,0.9,False,2961
physics,How do electrons know which path to take in a circuit?,0.998075645001891,1.0,0.9,False,13947
physics,What are the mechanics by which Time Dilation and Length Contraction occur?,1.0,1.0,1.0,False,12241
physics,Reading the Feynman lectures in 2012,0.9983842344064361,1.0,0.9,False,4533
physics,Harmonic Motion,1.0,1.0,1.0,False,2439
physics,Is Veneziano amplitude able to explain the physical properties of strongly interacting hadrons (such as proton and neutron)?,0.9823026560629095,1.0,0.9,True,13560
physics,Is temperature discrete,0.993890160140767,1.0,0.7,False,2361
physics,"If space is being doubled, how fast is it doubling?",0.9863908825537344,1.0,0.8,False,5306
physics,Stability of neutron,0.995883832667609,1.0,0.9,False,620
physics,Are tidal power plants slowing down Earth's rotation?,0.9981079889460035,1.0,0.9,True,5015
physics,Why would an electron in an orbit be accelerating continuously and would thus radiate away its energy and fall into the nucleus in a classical model?,0.9932924097952501,1.0,0.9,True,21980
physics,Does juggling balls reduce the total weight of the juggler and balls?,0.9992978202604982,1.0,1.0,False,3720
physics,Is there any way to read the Feynman Lectures for free?,0.9983273592536149,1.0,0.9,False,9848
physics,The meaning of imaginary time,0.9999373832752839,1.0,0.9,False,12147
physics,Why do we observe opposite motion of trees (nearer) and trees (distant) when seen from a moving frame?,0.9818834927000603,1.0,0.8,False,9239
physics,What is the conclusion from Aharonov-Bohm Effect?,1.0,1.0,1.0,False,3378
physics,Entanglement in time,0.999370527973227,1.0,0.9,False,8445
physics,Newton and the change of mass with time,0.982183470041936,1.0,0.7,False,13783
physics,What is the difference between a spinor and a vector or a tensor?,0.9960732471981641,1.0,0.8,False,8300
physics,How to model a rising helium balloon?,1.0,1.0,1.0,False,2920
physics,The Density of Clouds,0.9956501723246863,1.0,0.9,True,2106
physics,Why is there no absolute maximum temperature?,0.9946863327326394,1.0,0.8,False,3016
physics,What keeps objects made of gold apart?,0.9883529041416625,1.0,0.8,False,5695
physics,How is traveling back in time possible in theory according to some scientists?,0.9868645737389096,1.0,0.7,False,16739
physics,Why color of dress changes when water falls?,0.9352520226684883,1.0,0.4,True,6073
physics,Freezing water in a closed container,0.9908371565119738,1.0,0.9,False,4198
physics,A question about the higher-order Weyl variation for the geodesic distance,0.9881909992641004,1.0,0.8,True,14370
physics,Do two beams of light attract each other in general theory of relativity?,0.9953445557119123,1.0,0.8,False,17554
physics,Explanation of photon reflection,0.9981567484711846,1.0,0.8,False,4112
physics,Study Quantum Physics,0.9986802075885639,1.0,0.9,True,10220
physics,Where can I find beginner's information about quantum mechanics?,0.9832361786359995,1.0,0.8,False,10722
physics,Is it possible for a physical object to have a irrational length?,0.9623919144620801,1.0,0.7,False,13406
physics,Why isn't dark matter just matter?,1.0,1.0,1.0,False,2391
physics,How soon that a force affect another object?,0.9895320906566082,1.0,0.6,False,9200
physics,Does the Sun produce audible sound?,0.9733178370365853,1.0,0.7,True,2975
physics,"Radiation– white vs black house, hot or cool?",0.9636087285332086,1.0,0.6,True,3722
physics,Is rotational motion relative to space?,0.9999613875613593,1.0,1.0,False,11371
physics,Good book about elementary particles for high school students?,0.9804281991509636,1.0,0.7,False,10047
physics,Flames with no gravity?,1.0,1.0,1.0,False,2217
physics,Path integral formulation of quantum mechanics,1.0,1.0,1.0,False,7889
physics,Why doesn't the Moon fall upon Earth?,0.9964277880811503,1.0,0.9,False,3468
physics,Does Fire Conduct Electricity? Why?,0.9806096430994091,1.0,0.6,False,3151
physics,"How does lightning ""know"" where to go?",0.9986690045346507,1.0,0.9,False,10730
physics,Is the Pauli exclusion principle as Brian Cox described it?,0.9999381984159603,1.0,1.0,False,3713
physics,"Virtual photons, what makes them virtual?",0.9994829472980727,1.0,0.9,False,6833
physics,conversion of information to energy,0.9876621038784792,1.0,0.8,False,7757
physics,exercise books for Feynman diagrams,0.9998561406056723,1.0,1.0,False,3641
physics,Formula for Symmetry Factor,0.99608394699503,1.0,0.9,False,3978
physics,"When they say that the universe cooled after the big bang, where did the heat go?",0.9907623381531901,1.0,0.8,False,11802
physics,Why not an Electric Theory of Everything?,0.796246225586993,1.0,0.1,True,7086
physics,In what order should the subjects be studied in order to get to String Theory,0.991396980251413,1.0,0.8,False,12365
physics,Why are all force particles bosons?,0.9999545395914263,1.0,1.0,False,9011
physics,Validity of naively computing the de Broglie wavelength of a macroscopic object,0.9993502954746201,1.0,1.0,False,6369
physics,"General relativity, gravity and spacetime curvature",0.9999213780709614,1.0,1.0,False,9734
physics,Do oceans produce the cosmic microwave background?,1.0,1.0,1.0,False,2511
physics,Statistical Entropy and Information theory,0.984285123892026,1.0,0.6,False,6303
physics,Einstein's postulates <==> Minkowski space. In layman's terms,0.9979194504078929,1.0,0.9,False,7911
physics,Does trade affect Earth's rotation?,0.9973364418028322,1.0,0.8,False,4357
physics,How could vacuum energy cause the expansion of the universe?,0.9888837066815976,1.0,0.8,True,14172
physics,Why is torque not measured in Joules?,0.9938959783400558,1.0,0.7,False,3322
physics,Buzzing/Vibration in body under power lines,0.9716659302270971,1.0,0.5,False,4633
physics,What is the cause of the normal force?,0.9985993375101385,1.0,0.8,False,6799
physics,Angular Momentum Conservation in Gravitational Interaction,0.9981122345969686,1.0,0.9,False,6382
physics,3d holograms - How are they created?,0.9953316274150998,1.0,0.9,False,2100
physics,Why do neutrinos propagate in a mass eigenstate?,0.9990836918410012,1.0,0.9,False,5534
physics,Conservation of Energy in a magnet,0.9998815084421593,1.0,0.9,False,8777
physics,How to find equation of motion for this trajectory? - object leaves curved ramp at a given velocity,0.9911188129751577,1.0,0.8,True,17164
physics,Is there anything smaller than a quark?,0.9995970687222029,1.0,1.0,False,2245
physics,Gravity from energy,0.9991963532604327,1.0,0.9,True,8175
physics,Leg Press & Actual Lifted Weight,0.9815790780277608,1.0,0.7,False,3551
physics,Cancelling special & general relativistic effects,0.9924190223738104,1.0,0.8,False,7293
physics,Has the concept of non-integer $(n+m)$-dimensional spacetime ever been investigated by theoretical physicists?,0.9947410860865714,1.0,0.7,False,9121
physics,Is the universe fundamentally deterministic?,0.9968093097412375,1.0,1.0,True,2938
physics,Did space and time exist before the Big Bang?,0.9999606902018874,1.0,1.0,False,12666
physics,Time Dilation - How does it know which Frame of Reference to age slower?,0.9996377333197437,1.0,1.0,False,16205
physics,What happens to things when things get crushed in a blackhole,0.9943130614202984,1.0,0.9,False,9958
physics,Facts About Quarks Electric Charge,0.9994372143541499,1.0,1.0,False,5824
physics,What would happen if I was in the centre of the Earth?,0.9990680696812801,1.0,0.9,False,14057
physics,What is difference between Inertial mass and gravitational mass,0.9993841198132692,1.0,0.9,False,10600
physics,Strongest force in nature,0.9764024563728866,1.0,0.8,False,5444
physics,Force applied off center on an object,0.9999654572878948,1.0,1.0,False,8720
physics,Why do we always see the same side of the Moon?,0.998047246072164,1.0,0.9,False,7689
physics,Dark Energy / Accelerating universe: naive question,0.9892725807486994,1.0,0.8,False,17314
physics,Can nuclear transmutation be observed in real time?,0.9836852318690591,1.0,0.8,True,11097
physics,Why does light travel at the same speed when measured by a moving observer?,0.999237049247032,1.0,0.9,False,11856
physics,Finding charge (electromagnetism course),0.9898201931049321,1.0,0.7,False,9304
physics,Angular Momentum Conservation Definition,0.9992642292369653,1.0,1.0,False,5005
physics,Why does a motor draw more current stopped or under load?,0.9942621806074821,1.0,1.0,False,3847
physics,Transportation using disintegration,0.9759130031325377,1.0,0.5,False,9421
physics,How do I find the frictional force using a free body diagram?,0.9929258237961645,1.0,0.7,False,17342
physics,Why don't we see solar and lunar eclipses often?,0.976027903230964,1.0,0.8,False,5859
physics,What exactly is a quantum of light?,0.9976831708441418,1.0,0.9,True,9156
physics,What will be the shape of liquid if there is no gravitational force,0.9784802294034365,1.0,0.8,True,6620
physics,Force on rope with accelerating mass on pulley,0.9999075456243385,1.0,1.0,False,8685
physics,How does atmospheric pressure work?,0.9841577902635076,1.0,0.8,True,5532
physics,Intuitive meaning of Hilbert Space formalism,0.9956425477593552,1.0,0.8,False,10106
physics,Finding the Schwarzchild radius of a star of solar mass 30,0.9867867420135799,1.0,0.9,False,10642
physics,What is the weight equation through general relativity?,0.9671589987406158,1.0,0.5,False,12393
physics,Speed of a fly inside a car,0.9984936015518155,1.0,1.0,False,4703
physics,Is it possible to have a magnet which looks like a hollow cylinder and who's north is interior and south is exterior?,0.977402828185519,1.0,0.8,False,15063
physics,Expanding universe and the speed of light,0.9993407183513353,1.0,0.9,False,7689
physics,Physics needed to build a top down billiards game,0.8771224999983187,1.0,0.5,True,10576
physics,"It's commonly said that the existence of antiparticles ""saves causality"". How?",0.9935414142295262,1.0,0.8,False,4216
physics,"If the source of sound is vibration, why can't we ""hear"" a object whose molecules are vibrating?",0.9805951234918602,1.0,0.7,False,6597
physics,Is there a difference between a postulate and a principle in physics?,0.9919099702711226,1.0,0.8,False,12209
physics,Has NASA confirmed that Roger Shawyer's EmDrive thruster works?,0.9968630405770925,1.0,0.9,False,4440
physics,Chance of objects going against greater entropy?,0.9820012983435893,1.0,0.7,False,7035
physics,What's the proof that the polarization occur s to the electric field of the light?,0.991777812471376,1.0,0.9,True,11722
physics,Archimedes' principle: innacurate terminology?,1.0,1.0,1.0,False,1654
physics,Why do objects follow geodesics in spacetime?,0.9914841974888153,1.0,0.7,False,7734
physics,Can one do the maths of physics without using $\sqrt{-1}$?,0.9892247950346452,1.0,0.8,False,24481
physics,"Is ""now"" the bounding edge of the universe in the time dimension?",0.98910520003265,1.0,0.8,False,10899
physics,How to find the value of the parameter $a$ in this transfer function?,0.9942983022618631,1.0,0.9,False,10329
physics,"Within the context of string theory, is matter nothing more than a vibration on a membrane of space-time?",0.9959923804452082,1.0,0.9,False,16226
physics,"How can you use magnets to rotate a shaft, which in turn powers a generator?",0.9849468242204844,1.0,0.8,False,13882
physics,Why the orbital angular momentum equal zero for electron in s state? does it mean that the electron doesn't orbiting in s,0.9919125232364054,1.0,0.8,True,15458
physics,Question Based On Units And Measurements Involving Lengths,0.9836423060752193,1.0,0.6,True,15001
physics,Way to become a physicist,0.9794157989019425,1.0,0.6,False,6791
physics,Why do Lagrangians and Hamiltonians give the equations of motion?,0.9985315630480451,1.0,0.9,False,10769
physics,Group Theory in General Relativity,0.9983607307419534,1.0,0.9,False,10873
physics,"The secret behind the spinning, asymmetrically weighted, 2D disk-shaped top?",0.9556559429076459,1.0,0.6,False,5128
physics,Pressure of sealed in liquid nitrogen,0.9962167228347976,1.0,0.9,False,1930
physics,Variational Calculus or Tensor Calculus?,0.9667436363041393,1.0,0.6,True,1559
physics,Proof of conservation of energy?,0.9927459918548699,1.0,0.8,False,7643
physics,Homework about spinning top,0.9745146008785537,1.0,0.7,False,2646
physics,Water coolso object by heat absorption,0.9989596016285418,1.0,0.9,False,5842
physics,Drag force at high speeds,0.9963433746120709,1.0,0.9,False,8314
physics,Which Optics textbooks are good?,0.9786774445388301,1.0,0.6,False,2877
physics,What longest time ever was achieved at holding light in a closed volume?,0.9598318263789123,1.0,0.7,False,13653
physics,Software for geometrical optics,0.9433401625243204,1.0,0.5,True,1045
physics,How is it possible to come to a conclusion that Universe is a result of the Big Bang while we aren't able to observe the entire Universe?,0.9932900145718564,1.0,0.8,False,14323
physics,What exactly is a kilogram-meter?,1.0,1.0,1.0,False,2609
physics,Why does a floating balloon in an accelerated train moves forward but the pendulum moves backward?,0.9883740921078351,1.0,0.9,False,5894
physics,Torque direction meaning,0.9997383349758083,1.0,1.0,False,8800
physics,Is quantum mechanics similar newtons laws of gravity? In a way,0.989976038581733,1.0,0.9,False,14035
physics,Does a 27 hp engine output the same amount of energy as lifting a 1 ton stone block almost 3 meters per second?,0.9798082484647979,1.0,0.7,False,19170
physics,Does light color change when refracting?,0.9876859095886367,1.0,0.7,False,7111
physics,What is Mathematical formulation of entropic Gravitational force?,0.9929929267837044,1.0,0.8,False,7325
physics,Understanding weight on an inclined plane,1.0,1.0,1.0,False,7829
physics,What methods can astronomers use to find a black hole?,0.9844209832234616,1.0,0.7,False,14143
physics,Voltage in a short circuit system,0.9974836257560762,1.0,0.9,False,5495
physics,Why isn't temperature measured in Joules?,0.998650197164782,1.0,0.9,False,4734
physics,"Noticing that Newtonian gravity and electrostatics are equivalent, is there also a relationship between the general relativity and electrodynamics?",0.9909196017236066,1.0,0.8,True,14799
physics,What conservation law corresponds to Lorentz boosts?,0.9863046164443775,1.0,0.8,False,5300
physics,"Do atmospheric physics prevent hot air balloons from ascending over 60,000ft?",0.9956100758871976,1.0,0.9,False,8931
physics,What is the Physical Meaning of Commutation of Two Operators?,0.9855394603620571,1.0,0.7,False,16471
physics,Dark energy and dark matter,0.9992709717617976,1.0,0.9,False,8094
physics,Integrating for speed,0.9993816091722214,1.0,0.9,False,4702
physics,What actually happens when an anti-matter projectile collides with matter?,0.9973656174445225,1.0,0.9,False,7341
physics,Why do springs have helical shapes? Why do we not use a cylindrical rod as a spring?,0.9927734475483481,1.0,0.7,False,10460
physics,Are there formulae for calculating stellar luminosity and effective temperature as a function of age?,0.9906826442654465,1.0,0.8,False,11918
physics,Has the black hole information loss paradox been settled?,0.9959300880974606,1.0,0.9,False,3475
physics,"On a hot day, when it's cooler outside than in; is it better to put a fan in an open window pointing inwards or outwards?",0.9186043763733144,1.0,0.4,True,9327
physics,Infinities in Newtons law of gravity (for point particles),0.9903927777424302,1.0,0.9,False,13010
physics,Any new texts directly on second law of thermodynamics?,0.9761018162626557,1.0,0.6,True,10155
physics,What are the potential technological advances that the discovery of the Higgs boson may unlock?,0.9779574280185511,1.0,0.9,True,6104
physics,Is gravitational acceleration less affected by relativistic mass increase?,0.9964413397609941,1.0,0.9,False,9969
physics,Is a hard drive heavier when it is full?,0.9750677654185961,1.0,0.8,False,1894
physics,What is the difference between a white object and a mirror?,0.9743829110731002,1.0,0.6,False,8741
physics,What is the relation between electromagnetic wave and photon?,0.9971468171427214,1.0,0.8,False,9929
physics,Will the night sky eventually be bright?,0.9989177514781377,1.0,0.9,False,931
physics,Is the total angular momentum of the universe zero?,0.998141661079706,1.0,0.9,False,7636
physics,Capacitors discharging in series,0.9999973546130845,1.0,1.0,False,847
physics,"What counts as ""observation"" in Schrödinger's Cat, and why are superpositions possible?",0.9730256367902637,1.0,0.7,False,7573
physics,"The ""Nerd Sniping"" problem. Generalizations?",0.9993813780519492,1.0,0.9,False,7001
physics,Why do we seek to preserve gauge symmetries after quantization?,0.986850485243646,1.0,0.7,True,2517
physics,"How are the triangular Lagrange points in a Three body Problem stable, yet having a higher effective potential?",0.9953022234048278,1.0,0.9,False,15496
physics,Why is there still radiation left from the Big Bang now?,0.9975024176876736,1.0,0.8,False,7279
physics,Designing a plausible faster than light drive: the Space Skip Drive,0.9898025145253875,1.0,0.9,True,8713
physics,Nonzero ground state energy of the quantum harmonic oscillator,0.9976400866177909,1.0,0.9,False,13367
physics,Intuition for multiple temporal dimensions,0.9975881976069642,1.0,1.0,False,2881
physics,"What happens to chemical compunds that include radioactive nuclei, when those decay?",0.999036019439814,1.0,1.0,False,4590
physics,Amateur's question on Black Holes,0.9999538509416389,1.0,0.9,False,11700
physics,Logical requirement of newton's third law,0.996229075945657,1.0,0.8,False,4859
physics,"What is the required prerequisite knowledge of QM, for starting QFT?",0.9958804168900076,1.0,0.9,False,5444
physics,Water Displacement in the Oceans As a result of Global Warming,0.9715763934625627,1.0,0.9,True,5417
physics,What are the implications if Supersting theory is discredited?,0.9943213225443263,1.0,0.8,False,4452
physics,How functions become operators in quantum mechanics?,0.989568701589888,1.0,0.8,True,10182
physics,Different factors of $4\pi$ and $\epsilon_0$ in Poisson equation,0.996537569298825,1.0,0.9,False,14232
physics,Matlab package: graphical calculus for quantum operations (esp. linear optics),0.949678473426187,1.0,0.5,False,7243
physics,Learning roadmap for solid state physics,0.9188172860328022,1.0,0.6,True,11162
physics,Algorithm of Lightning Strikes?,0.9931555875912232,1.0,1.0,True,397
physics,Density operators in a Hilbert Space,0.9986082635275617,1.0,0.9,False,7488
physics,Can we calculate the frame dragging force of the Earth?,0.9855415413065104,1.0,0.7,False,10175
physics,What would the properties of a particle be that would allow light to orbit it?,0.9366226205144699,1.0,0.3,False,18331
physics,Maximum helicopter height,0.9998941904724622,1.0,1.0,False,1335
physics,Why will an accelerated electron emit a photon?,1.0,1.0,1.0,False,6464
physics,What's the difference between Fermi Energy and Fermi Level?,0.9944158929712237,1.0,0.9,False,12046
physics,Why can't some light ever reach earth?,0.9945262123159322,1.0,0.8,False,6690
physics,Dumbed-down explanation how scientists know the number of atoms in the universe?,0.9701068276529936,1.0,0.6,False,14090
physics,Measurement of Tangential Momentum Accomodation?,0.968516603065401,1.0,0.6,False,4994
physics,Energy & Mass of a Photon,0.9999892789861354,1.0,1.0,False,10706
physics,Black Hole gravity pull,0.9978140771947833,1.0,0.9,False,3971
physics,Physical interpretation of Fermi golden rule?,0.9982247897506232,1.0,1.0,False,7978
physics,Second Rank Tensors,0.9961381798327129,1.0,0.8,False,3672
physics,"What does it mean that the universe is ""infinite""?",0.9993113337661812,1.0,0.9,False,7953
physics,"Special Relativity, 2nd Postulate -- Why?",0.9991391625764761,1.0,1.0,False,6428
physics,QFT as a rigorous mathematical theory,0.9998559865403515,1.0,1.0,False,6111
physics,how does an electric field comes inside a conducting wire inside the circuit?,0.9989237472133374,1.0,0.9,False,11138
physics,Direction of Magnetic force from a current running through a coil of wire,0.9862088249254511,1.0,0.8,True,10843
physics,Does photon have size measurement because of its particle nature,0.9748091270818275,1.0,0.7,True,10056
physics,Superconductivity reasons (Intutitive),0.9925974798715502,1.0,0.9,False,2706
physics,Schrodinger's cat experiment,0.999877814624812,1.0,1.0,False,2630
physics,Nuclear structure,0.9999881523336478,1.0,1.0,False,1396
physics,Basic understanding of stress tensors in a fluid,0.9991136025733666,1.0,1.0,False,8779
physics,Why does the refractive index depend on wavelength?,0.9992776889927957,1.0,0.9,False,3240
physics,How many physical degrees of freedom does the $\mathrm{SU(N)}$ Yang-Mills theory have?,0.995836308763761,1.0,0.9,False,14045
physics,How to make something charged using electricity?,0.9913279883945282,1.0,0.7,False,17099
physics,Is it possible to speed up radioactive decay rates?,0.9917371444538884,1.0,0.9,True,8518
physics,Cubic symmetry and a stiffness tensor,0.9924793707799471,1.0,0.8,False,2288
physics,electric field inside a conductor?,0.997612926546317,1.0,0.9,True,8137
physics,At what speed does our universe expand?,0.9994530979036431,1.0,0.9,False,5290
physics,Different formulas for calculating power,0.9987135476058266,1.0,0.9,False,11115
physics,Can a particle be *physically* observed inside a quantum barrier?,0.9855931841418104,1.0,0.8,False,15058
physics,Visualisation of formation of electromagnetic waves,0.9074739396163459,1.0,0.4,False,3965
physics,How can ice cubes contain gas bubbles?,0.9905968073498712,1.0,0.8,False,2582
physics,Noether's current expression in Peskin and Schroeder,0.9979248853914926,1.0,0.9,False,4345
physics,An example of non-Hamiltonian systems,0.9912538270833017,1.0,0.8,False,9803
physics,Science behind the singing wine glass,0.9755284417952746,1.0,0.7,False,1760
physics,Are free electrons in a metal really free,0.9939839769284285,1.0,0.9,False,7116
physics,What is the role of center-tapping in a full wave rectifier?,0.9872512417025507,1.0,0.8,False,4841
physics,reflection at speed of light when both mirror and viewer is travelling at the speed of light,0.9520365030407992,1.0,0.7,True,6883
physics,"Are gravitational waves transverse or longitudinal waves, or do they have unique/unknown properties?",0.9973909918166608,1.0,0.9,False,5962
physics,Are there any naturally occurring perfect circles?,0.9923543383265587,1.0,0.7,False,3264
physics,How does Einstein got equivalent mass - energy equation E=mc2?,0.9834748280845851,1.0,0.8,True,18159
physics,Functions of Time,0.9999218215956822,1.0,0.9,False,10567
physics,Projectile with air resistance,0.9995275396219825,1.0,0.9,False,2253
physics,Massless charged particles,0.9998352799585147,1.0,1.0,False,7137
gis,Pont to Point and Point to Line Calculations,0.9999775227145716,1.0,1.0,False,13710
gis,Getting a GIS Position,0.9916510032948956,1.0,0.7,False,14000
gis,how to find angle between two points in QGIS?,0.9438884888353585,1.0,0.4,True,19174
gis,Qgis server on Ubuntu Server 14.04: Permission denied,0.9800500757020615,1.0,0.8,False,11000
gis,OpenLayers and Google Maps when panning tiles not in sync,0.9722191359858035,1.0,0.8,True,13688
gis,Can QGIS open KMZ files?,0.9867690654198576,1.0,0.6,False,16241
gis,I want to georeference jpg map without any digitizing data?,0.9927212613308866,1.0,0.8,False,24904
gis,Can anyone recommend an Arcpy GUI?,0.9528426482819021,1.0,0.7,True,7659
gis,Converting .dwg to .shp using QGIS?,0.9938457110017418,1.0,0.9,False,26959
gis,psycopg2 error with QGIS 1.5,0.9903851012007059,1.0,0.7,False,19456
gis,Illinois Legislative Zip to District Match Data Set,0.9946900103656856,1.0,0.8,False,15625
gis,"ssf to .shp conversion, field name changing from Pahtfinder data dictionary",0.9762488415649003,1.0,0.9,True,18735
gis,qgis2 slope analysis from NED data gives crazy histogram,0.9978031143122509,1.0,0.9,False,13565
gis,Program to create EMF that conserves transparency,0.9378449411744275,1.0,0.4,False,11446
gis,MODIS MOD13Q1 extract ndvi value,0.9999017547779581,1.0,1.0,False,6528
gis,How do I draw a square on a vector layer from PostGIS?,0.9381443940316254,1.0,0.5,False,14123
gis,distance surface with qgis on a binary raster map,0.9603783925627413,1.0,0.6,True,20434
gis,How to spatially join polygon fields onto a point layer in QGIS?,0.9895841442738199,1.0,0.7,False,24451
gis,how do you sort points so that they are geographically near each other,0.9792979640890302,1.0,0.7,True,9985
gis,How to measure area of polygons generated from gps data in qgis?,0.9669756191962001,1.0,0.5,False,21302
gis,How to calculate the distance of sites to riverways,0.9995555272994417,1.0,1.0,False,5246
gis,Creating Shapely MultiPolygons from shape file MultiPolygons,0.9999934126437398,1.0,1.0,False,17563
gis,Best practices for organization and tidiness - How do you deal with multiple copies of layers?,0.9856800043077418,1.0,0.8,False,13886
gis,Cannot fix QGIS after upgrade to Ubuntu 13.04 Raring,0.984614596021233,1.0,0.7,False,10675
gis,Elevation Drop Along a Stream,0.9999222860755475,1.0,1.0,False,2194
gis,Is there a QGIS equivalent of the erase tool in ArcGIS?,0.9789382958707948,1.0,0.7,False,17335
gis,Is there any way to set polygon features fill color and outline programmatically?,0.9677971457407009,1.0,0.6,True,20501
gis,How to move labels in QGIS?,0.9962454120327958,1.0,0.8,False,8926
gis,saving .xls as .dbf...at a dead end,0.9812463828156065,1.0,0.6,False,4501
gis,Export Qgis settings,0.9991218104463486,1.0,1.0,False,13197
gis,How to Create Consistent Grids using different Projections,0.9662473861984664,1.0,0.7,True,28463
gis,How to select areas from a target layer which do not intersect source layer?,0.9677314316701695,1.0,0.6,False,17277
gis,Projecting INEGI shapefiles from Mexico - not lining up,0.999889598652256,1.0,1.0,False,12087
gis,GeoJSON/GeoCouch questions from a newb,0.951973050289354,1.0,0.5,False,5018
gis,Using PostGIS to find airplanes flying on the same routes over the sea,0.93003396404733,1.0,0.6,True,26182
gis,Google Earth Enterprise vs. ArcGIS Server,0.9870429877206057,1.0,0.8,False,12924
gis,Device for Logging GPS and Accelerometer Data?,0.9964711128160302,1.0,0.9,False,12067
gis,Reclassifying a field in vector files in ArcGIS,0.9978359568373038,1.0,0.9,False,19721
gis,Why is law of cosines more preferable than haversine when calculating distance between two latitude-longitude points?,0.9554583029629364,1.0,0.7,True,14173
gis,How to add Cross Origin Filter for Jetty in GeoServer on Mac,0.9949286652126694,1.0,0.9,False,9090
gis,How to properly Drape vectors over a DEM?,0.9831917210904528,1.0,0.8,True,4293
gis,how to assign unique attribute value per neighborhood?,0.987906980151804,1.0,0.9,True,9453
gis,Create dynamic table in layout view (Arcmap),0.9778439501333727,1.0,0.6,False,16182
gis,QGIS Plugin Windows,0.9963742936153334,1.0,0.7,True,9336
gis,Google Earth multiselect points to delete or drag & drop,0.985640834900797,1.0,0.8,False,11872
gis,United States City/State comprehensive database,0.9877034589617655,1.0,0.7,True,6175
gis,How to speed up redrawing of layers (from shapefiles) in MXD?,0.9213030022129383,1.0,0.3,False,13654
gis,"Programmatically download NED, Landcover, etc. data from USGS",0.9994094496745513,1.0,0.9,False,13548
gis,How to find the minimum-area-rectangle for given points?,0.9841415071325699,1.0,0.7,False,15514
gis,Change ArcGIS License using Script,0.9884997722687385,1.0,0.8,True,27518
gis,Finding minimum bounding extent of given pixel value within raster?,0.9657603393054045,1.0,0.6,False,16567
gis,List of GIS applications for Android OS,0.9757469725284953,1.0,0.7,False,8893
gis,How to find dead-ends in a road network,0.9596023337760559,1.0,0.8,True,8932
gis,What are Raster and Vector data in GIS and when to use?,0.9997638495995681,1.0,1.0,False,28572
gis,Reordering polygon shapefile permanently?,0.9725242457265686,1.0,0.8,False,8467
gis,Reducing field length,0.9626228061208271,1.0,0.5,False,5020
gis,Is QGIS 1.8 available for Ubuntu?,0.9990140577445635,1.0,0.9,False,18122
gis,How to create surface by 3d building with different vertices,0.9961724825670499,1.0,0.9,False,15028
gis,Can I have more than 4 layers on my map in Cartodb?,0.9788880877832388,1.0,0.7,False,18999
gis,accuracy of classification in qgis,0.9477974561382827,1.0,0.6,False,7509
gis,Why does my QGIS want to create so many icons?,0.9848306398541765,1.0,0.7,False,21698
gis,QGis non blocking notifications with pyqgis,0.8531414794570868,1.0,0.1,True,8295
gis,can wms from geoserver serve as utfgrid data?,0.9873167863592416,1.0,0.8,True,13051
gis,"Getting a ""java.lang.OutOfMemoryError"" error while importing raster files from PostGIS to Geoserver",0.9769678543891277,1.0,0.7,True,23405
gis,"How to sum or even perform more complex mathematical operations (multiply, add a constant, ...) two GDAL grids?",0.9353163527208771,1.0,0.5,False,13741
gis,How to draw a cross section in QGIS,0.9661891714797101,1.0,0.6,False,8895
gis,Is there a Raster Equivalent of the Split tool?,0.9387035307451839,1.0,0.7,True,9202
gis,What is the MS SQL Spatial syntax for counting points within polygons?,0.9940358318312117,1.0,0.8,False,16231
gis,Closed source plugins,0.9833021393802804,1.0,0.6,False,5181
gis,Is it possible to display 3-D maps in ArcGIS Java Script API?,0.9747503642362051,1.0,0.6,False,24726
gis,How to add GeoServer wfs layer on OpenLayers?,0.9983607731048573,1.0,0.9,False,14389
gis,Access-Control-Allow-Origin error in web map,0.9879876258656909,1.0,0.8,False,19169
gis,Installing qgis server and qgis web client on windows 7 64bit,0.9968416959922338,1.0,0.8,False,15038
gis,are there any methods can choose all field and make the SUM for each fields or I must do it one by one?,0.9955092632651543,1.0,0.9,False,16210
gis,Generic Question about Union tool in Arcmap,0.9699064703256642,1.0,0.7,True,11416
gis,How to configure Proxy.cgi with IIS,0.9921715315939924,1.0,0.9,False,1393
gis,How to: create a table containing point values (continuous) within polygons (continuous),0.9866875738235892,1.0,0.8,True,23445
gis,How to determine longest length of segmented polylines representing rivers?,0.9771485908431026,1.0,0.7,True,4280
gis,How to debug a QGis C++ plugin with Visual Studio 2008,0.9662056730494043,1.0,0.7,True,11358
gis,ArcGIS Attribute Subdomain?,0.6410841361306157,1.0,0.1,True,11339
gis,How to generate schemas of GIS hardware / software / workflows?,0.9625929566236803,1.0,0.3,False,7094
gis,How to create a checkbox parameter in a ArcGIS custom Python tool?,0.9811584153755316,1.0,0.7,False,20816
gis,How to rotate multiple polygons about their respective anchor points,0.9510342182356258,1.0,0.6,False,13505
gis,Polygon Shape Data for North America,0.9559025213682254,1.0,0.4,False,16039
gis,MySQL SQL command to find points within a rectangle with spatial extension and index,0.9785479004551374,1.0,0.7,False,18234
gis,How can the pixel values of a raster image be extracted under a polygon fishnet?,0.98661882437506,1.0,0.7,True,16326
gis,How do I read SBET file in python?,0.9975030951977734,1.0,0.8,False,14033
gis,Difference between Make Feature Layer (Data Management) and using in_memory workspace?,0.9880791616276295,1.0,0.8,False,31658
gis,How to add Quick Export (Data Interoperability) to Model Builder in ArcGIS 10.0,0.997272359327517,1.0,0.9,False,25437
gis,Lat/long grid in QGIS using WGS84 projected layers,0.9720163429072789,1.0,0.7,True,29874
gis,Reproject GeoJSON from EPSG:3857 to EPSG:4326,0.9990747431015103,1.0,0.9,False,2956
gis,How to re-order fields permanently using ArcGIS Make Query Table tool?,0.9499707651922047,1.0,0.5,True,30104
gis,What Spatial Reference System do I store Google Map's Lat/Lng in,0.9925529620759515,1.0,0.8,False,18008
gis,How to Join Attributes by Location in QGIS 1.8.0,0.9942302907536528,1.0,0.8,False,22503
gis,How to import sextante(processing) for QGIS 1.9 (2.0),0.996370219259996,1.0,0.9,False,23123
gis,How can I find a Douglas-Peucker algorithm for simplification?,0.9995705437358134,1.0,0.9,False,6153
gis,How to convert LAS file to ASCII for DSM in SAGA GIS?,0.9968527098858472,1.0,0.9,False,14278
gis,How to create a circle in PostGIS?,0.9947922494229858,1.0,0.9,False,12257
gis,Dividing large polygon into smaller ones of equal area?,0.9728575612843633,1.0,0.7,False,14479
gis,How can I identify the pixel with the maximum value in a grid?,0.982178234741743,1.0,0.7,True,8024
gis,How to set up proxy for Geoserver GetFeatureInfo call?,0.9935869206076551,1.0,0.9,True,9917
gis,Identify the latitudinal and longitudinal point directly beneath an object in space,0.9949513104903954,1.0,1.0,True,12520
gis,Set buffer radius in metric units in qGIS,0.968365708590544,1.0,0.7,False,13653
gis,Why some lines do not have Junctions in Network Analyst?,0.9978746487070337,1.0,0.9,False,6428
gis,QGIS how to calculate areas of intercepted polygons?,0.9136204631255014,1.0,0.7,True,14754
gis,"How do I fill in serial letters (AA, AB,AC...,BA,BB,BC...ZZ) to a shape?",0.9958567743102273,1.0,0.9,False,3573
gis,Can ArcGIS 10.1 use SQL on Definition Query to select minimum value?,0.9774295435702531,1.0,0.6,False,31104
gis,What is the best practice for data management?,0.9956540721740884,1.0,0.9,False,12991
gis,QGIS 2.2 Print Composer - pointer will not select or move items,0.9894163668611727,1.0,0.8,False,18327
gis,Why do OpenLayers layers appear shifted in map composer?,0.9701409076403787,1.0,0.6,False,18270
gis,Resources for python scripting,0.9937440406068788,1.0,0.9,True,6925
gis,OpenLayers 2.12 and http basic authentication woes,0.9361626325188253,1.0,0.6,True,17641
gis,"Why does ""save"" overwrite the ""capture point"" function?",0.9881110618600831,1.0,0.7,False,13740
gis,esri ArcObjects slow performance accessing features,0.9542643353625353,1.0,0.5,False,12148
gis,Problem with Geoserver's start process,0.999148892350257,1.0,0.9,False,12123
gis,Why doesn't SLD validate?,0.9957320911249903,1.0,0.9,True,1088
gis,OpenLayers Allow Further Zoom Out?,0.991946850652664,1.0,0.9,True,5528
gis,Metadata Manager for MapInfo,0.9951616988529294,1.0,0.8,False,2350
gis,How to find the nearest line to a point in QGIS?,0.9662861795935987,1.0,0.4,False,19516
gis,kriging interpolation of many z,0.9999906593770292,1.0,1.0,False,3438
gis,pgRouting Dijkstra returns wrong,0.9993688734774295,1.0,1.0,True,5190
gis,How to set parameters for Describe() function?,0.9999565017175761,1.0,1.0,False,11389
gis,Problems with CRS in Qgis,0.9974195987965578,1.0,0.9,False,12447
gis,How to create regular soil sampling grids?,0.9929605356014299,1.0,0.9,False,11755
gis,How to setup QGIS Master and Stable in parallel on one Linux system?,0.9833029674679351,1.0,0.7,True,15888
gis,Python scripts that run inside ArcMap vs ones that run outside?,0.978423956826517,1.0,0.5,True,17838
gis,How to generate all possible routes between two points?,0.9958425840777237,1.0,0.9,True,16077
gis,How to generate shape file from Excel or CSV files?,0.9966935000930975,1.0,0.9,False,12714
gis,How can I add KML to OpenLayers from remote server,0.990041008633936,1.0,0.8,False,10581
gis,How to run GDAL command in php page?,0.9514403435865446,1.0,0.3,False,8030
gis,Similar paths to Compare,0.9859429659573637,1.0,0.6,False,4251
gis,Real time GPS data sources,0.989928865032159,1.0,0.7,False,15352
gis,How do I get the coordinates of my data frame always in long/lat?,0.9816826475516077,1.0,0.6,False,20862
gis,How can I effectively debug arcpy Python scripts?,0.9826637108140571,1.0,0.8,False,7667
gis,"How to convert Mapinfo "".Map"" file into an ArcGIS format?",0.9844929015500876,1.0,0.7,False,24622
gis,correlation between distance from volcano and point features,0.8706711717185533,1.0,0.3,False,14145
gis,How to sort a feature class and then calculate a sequential ID field?,0.9878262827991698,1.0,0.7,True,13908
gis,When symbolising by category can I make the transparency different for each category?,0.9557246816445242,1.0,0.6,False,9134
gis,Adding an excel database to an existing shapefile,0.9876744524199409,1.0,0.8,True,10946
gis,Where can I find China data?,0.9912507882892155,1.0,0.8,False,14867
gis,"How to get "".GDB"" Esri File Geodatabase in QGIS for MAC OSX 10.6?",0.9275441261801951,1.0,0.4,False,25485
gis,assign and move centroids to their polygons,0.9994756498573313,1.0,1.0,False,6941
gis,Conditional Calculation of a text Field Value Based on antoher text field value ArcGIS10.1,0.9526039172438183,1.0,0.5,True,20292
gis,Multiple viewparams in openlayer,0.9998853718717833,1.0,1.0,False,4607
gis,I want to reproject data from 0-360 to -180 - 180,0.9768177838459943,1.0,0.7,False,22387
gis,Get Coordinates of Voronoi Polygon Vertices,0.9763010629052518,1.0,0.8,True,16536
gis,OpenLayers Rendering Error,0.9943919382478053,1.0,0.8,False,8987
gis,How to dissolve polygons and aggregate their data in QGIS?,0.9361371068418344,1.0,0.6,True,19105
gis,Knowing the polygon id and getting the extent,0.9817948957258581,1.0,0.6,False,20151
gis,Recomputing footprints on old satellite imagery,0.9935772194055779,1.0,0.8,False,1435
gis,Cartographic techniques for symbolizing routing data,0.980146156570391,1.0,0.8,True,12544
gis,Extract coordinates from polyline in QGIS,0.993121007473011,1.0,0.9,False,11349
gis,How do I create a shapefile of polygons from points in a spreadsheet?,0.9867654949132141,1.0,0.8,False,19688
gis,Draw cirlcle on Equirectangular projection,1.0,1.0,1.0,False,5842
gis,Free And Open Source Software Tools to orthorectify Pleiades imagery,0.9923673356719782,1.0,0.8,False,11409
gis,Is there a way of converting polygon vertices to points using GDAL python?,0.9461934136101195,1.0,0.5,False,30613
gis,Re-projection in Geoserver,0.9999796316924926,1.0,1.0,False,6431
gis,ArcGIS 10.1 Python Script tool wont read string variable in SQL statement,0.9840451447926096,1.0,0.7,False,24782
gis,Leaflet Layers Control - Z-Index?,0.9973402265576948,1.0,0.9,False,12151
gis,How do you convert to degrees and minutes from 8/9-digit lat/lon DMS code?,0.9974889578541446,1.0,1.0,False,14245
gis,Colors standard in Arc GIS 10,0.9457025260520633,1.0,0.6,True,11677
gis,area weighted average for overlapping polygons,0.9370127410233874,1.0,0.5,True,8228
gis,Qgis polygonize problem - DLL load fail,0.9996820848850952,1.0,0.9,False,17714
gis,Georeferencing system of rivers using XY To Line tool?,0.9918234450062576,1.0,0.8,False,26819
gis,Generating TIN from DEM using MacOSX/Unix tools?,0.9564887076207379,1.0,0.9,True,25103
gis,Arc 10.0 Running Python function CADToGeodatabase() crashes ArcMap/Catalog contd,0.9968342240120834,1.0,0.9,False,20589
gis,How can I dynamically trim the informational border off of FAA sectional raster charts?,0.9742036562312285,1.0,0.8,False,8036
gis,Find tangent point on circle furthest east or west,0.9937089962644448,1.0,1.0,True,13055
gis,ArcGIS 10.1 Python script to snap points to lines,0.9995596602510992,1.0,1.0,False,25838
gis,How to determine distances of points from closest line? (Mapinfo or QGIS),0.9553885631050709,1.0,0.5,True,17727
gis,Creating points along lines?,0.9998422312721692,1.0,1.0,False,18267
gis,Street index to CSV/Excel file,0.996237561818153,1.0,0.9,False,11839
gis,Can you use arcpy.RasterToNumPyArray() to Graph a Raster with matplotlib?,0.9758213220439804,1.0,0.7,False,24835
gis,Postcode Shape Files for the UK,0.9934453422669114,1.0,0.9,False,11324
gis,Is it possible to postprocess Trimble .ssf files without Trimble Pathfinder Office?,0.9982966117348033,1.0,0.9,False,15277
gis,Script for populating field in ArcGIS 10 with consecutive numbers (where start numbers is decided by me),0.9717690074277477,1.0,0.7,False,18709
gis,Is it possible to define a No SQL model for spatial data?,0.9837685483814927,1.0,0.7,False,17805
gis,How to export attribute tables to Excel?,0.9998634889951878,1.0,1.0,False,9219
gis,Geoserver GeoTiff Raster Layer Turns Shade Pink (Not Pink Error Tiles),0.988849737754678,1.0,0.9,False,18283
gis,Polygon Nodes do not have separate coordinates,0.9510615585914477,1.0,0.6,True,9411
gis,How to detect duplicates and keep only one?,1.0,1.0,1.0,False,9377
gis,How to force ArcGIS to recognize a text field in a CSV file?,0.9811681134710378,1.0,0.9,True,19451
gis,Rubber sheeting in GRASS or QGIS,0.8149451880260077,1.0,0.2,False,7649
gis,What open source solution would work best for auto extracting features from satellite images?,0.9881013844132346,1.0,0.9,True,26625
gis,Arcpy and arcobject,0.9997678542857747,1.0,1.0,True,3104
gis,How to install PostgreSQL 9.2 with PostGIS 2.0 on Ubuntu 11.10 (or higher)?,0.9982006977712792,1.0,0.9,False,19987
gis,How to smooth a DEM?,0.998754134555217,1.0,0.9,False,945
gis,Are ArcObjects SDKs for .NET free to download?,0.9578297967154302,1.0,0.7,False,4064
gis,How to digitize directional drilholes from scanned vertical sections?,0.990433438315899,1.0,0.8,False,3468
gis,ImportError: No module named arcpy - ArcGIS 10.1 and Python 2.7,0.9904291396474553,1.0,0.7,True,24092
gis,How to calculate centroid of a polygon defined by a list of longitude/latitude points?,0.982165969245275,1.0,0.8,True,16540
gis,Representing population variables in a map,0.9911535696044285,1.0,0.8,False,13636
gis,Create shapefile from data postgis / kml using java,0.9753301282288273,1.0,0.6,False,30135
gis,Removing features whose labels are not displayed?,0.9914542243220952,1.0,0.8,False,11239
gis,Simple field calculator equation in ArcGIS 10 not working,0.8989204041458322,1.0,0.3,True,21873
gis,Extract Raster Value into Polygon Attribute,0.988470757118973,1.0,0.6,False,14745
gis,Overlaying GPX data on rasters in QGIS,0.9635920819562633,1.0,0.4,False,18407
gis,Is there a tool to retrieve the projection system used to create a shapefile when the prj file is missing?,0.9927996028435522,1.0,0.9,False,31123
gis,How to calculate average slope in a grid?,0.9982550662281982,1.0,0.9,False,4569
gis,Differences between PostGis and SpatiaLite,0.9920489093540615,1.0,0.9,False,7382
gis,Adding a new attribute to shapefile from Excel sheet,0.9661404071260647,1.0,0.7,False,14795
gis,upgrade from 1.3 to 3.3 javascript api for arcgis with jsviewer,0.992044864351727,1.0,0.8,False,19659
gis,QGIS 1.8.0 does not launch,0.9939532626822933,1.0,0.8,True,19518
gis,Plugin of Multiple buffers in QGIS,0.9920881753097273,1.0,0.9,False,9635
gis,Auto-Increment Integer Field in a Feature Class,0.9635279435174285,1.0,0.6,False,11082
gis,List of Map Service Software,0.9784794056467319,1.0,0.7,False,15397
gis,OpenLayers.Request.GET returning xmlHttpRequest erroe,0.9969061443285958,1.0,0.8,False,14585
gis,Labeling mulitple interests stacking problem,0.9969581780996796,1.0,0.9,False,11956
gis,How can I switch baselayers as a user zooms in to the map in OpenLayers,0.9921831239391312,1.0,0.8,False,15029
gis,GeographyFromText and ST_SetSRID+ST_MakePoint different results?,0.9994492386271462,1.0,0.9,False,7990
gis,Save input in plugin as pdf format file,0.9718162906682132,1.0,0.5,False,15001
gis,GIS Day function ideas?,0.9867507033115163,1.0,0.7,False,11197
gis,Why is osm road data showing up with lines radiating from a point?,0.9825624097724002,1.0,0.7,False,21474
gis,How can you join attributes from polygons to points which are within the polygon feature using PostgreSQL and PostGIS?,0.99679268142097,1.0,0.9,False,30133
gis,Create a csv with geometry as WKT in QGIS (and choosing the field delimiter),0.9892841683285897,1.0,0.7,False,19376
gis,Integrating geolocated Twitter posts in ArcGIS for Desktop?,0.9638689436682754,1.0,0.6,False,10313
gis,"How can I convert data in the form of lat, lon, value into a raster file using R?",0.9871212689473596,1.0,0.7,False,30961
gis,Generating a map from a shapefile using ms4w mapserver,0.9993602758660571,1.0,1.0,False,28443
gis,Finding centrelines from polygons?,0.9984987303706286,1.0,1.0,False,10083
gis,postgis minimum distance among many points,0.9797083824252598,1.0,0.6,False,12816
gis,Geoserver with MapFish printing issue,0.9997638225447332,1.0,0.9,True,5907
gis,how to create a heatmap in QGIS,0.9989646727470136,1.0,0.9,False,15227
gis,How to define new custom projections in QGIS?,0.9722533014755785,1.0,0.6,True,17470
gis,How to create a circle with specific radius?,0.994860142675281,1.0,0.8,False,11839
gis,Programatically reorder layers in qgis?,0.9424143407692477,1.0,0.5,True,14722
gis,How do I find the distance between two coordinates in an ellipsoid?,0.995075190342786,1.0,0.9,False,12042
gis,Converting from Vector to Raster,0.999516197235862,1.0,0.9,False,8577
gis,.tif and .tfw to GeoTIFF,0.9999409204871764,1.0,1.0,False,1158
gis,Which spatial statistics tools to use in examining autocorrelation in two layers?,0.982084732741642,1.0,0.9,True,28906
gis,Converting Mapserver default URL to a more user friendly version,0.9704963119129109,1.0,0.7,False,11367
gis,"Calculating a field based on two other fields, if they exist",0.9936332821658371,1.0,0.8,True,12885
gis,Day and night zone layer for Leaflet,0.8694693400364722,1.0,0.4,True,11397
gis,How to make labels appear in Geoserver? (WMS),0.9662764278487354,1.0,0.8,True,9611
gis,Comparison components open source GIS,0.9926185228479779,1.0,0.9,True,8762
gis,dividing a line vector road in QGIS,0.9317779566762836,1.0,0.2,True,13385
gis,How to style a layer from console?,0.994958570656657,1.0,0.8,False,11082
gis,How to overcome field truncation when converting OSM to shapefile with QGIS?,0.9576713017362266,1.0,0.5,False,15489
gis,ArcGIS 000210 error copy to feature class,0.9969033944305328,1.0,0.9,False,17885
gis,flatten / collapse one-to-many table and keep the 'many' attributes separate,0.9886382152261364,1.0,0.9,False,15609
gis,Convert shapefile to MIF programmally,0.9978565914632497,1.0,1.0,False,6824
gis,"Can anybody give me some advice that why when I am moving or dragging the map,it occurs ""jump around""?",0.9817770924962279,1.0,0.7,False,16331
gis,How to set different label content for different scales?,0.995989586535981,1.0,0.9,False,11837
gis,Looking for web-based mapping software recommendation,0.9944925688709987,1.0,0.8,False,18368
gis,Can you reduce the number of contour lines?,0.9826297049893071,1.0,0.8,True,8008
gis,Are there are shortcuts for exporting polygon vertex location as a table,0.9638663676375572,1.0,0.5,False,13255
gis,Where I can download QGIS 1.8 for Mountain Lion?,0.9995328718460355,1.0,0.9,False,17805
gis,How to learn arcobject vba?,0.9859010276525717,1.0,0.7,False,1683
gis,How to clip Raster using multiple polygons and Python?,0.9804494929576643,1.0,0.5,False,27449
gis,What's the value of being GISP certified?,1.0,1.0,1.0,False,5563
gis,Geoserver 2.1.1 with ECW support,0.984044333148307,1.0,0.7,False,16915
programmers,Why isn't functional programming embraced more widely?,0.9933689608743624,1.0,0.8,False,10918
programmers,Which is better approach for writing automated tests?,0.9986779062702894,1.0,0.9,False,12786
programmers,Is inheritance that adds rules bad?,0.9909683979224797,1.0,0.7,False,5698
programmers,"Error messages from Web API, should I use error codes?",0.9932706949643735,1.0,0.9,False,24161
programmers,How to get a job with no experience?,0.9995021242545404,1.0,0.9,False,11073
programmers,Is it worth Learning XML as a web developer when JSON is better for AJAX?,0.9896657437637445,1.0,0.8,True,16572
programmers,"Starting career as SDET, is this a big block to be SDE later (1 or 2 years later)",0.9862101414882439,1.0,0.8,False,14176
programmers,"Return magic value, throw exception or return false on failure?",0.997464265388973,1.0,0.9,False,6156
programmers,Wrapping specific checked exception in domain unchecked ones?,0.9996099624313914,1.0,1.0,False,15136
programmers,"Making an internship most effective, useful and fun for both parties",0.9849771566771354,1.0,0.7,True,21863
programmers,Does programming knowledge have a half-life?,0.9794848666295999,1.0,0.7,False,8295
programmers,Working for international NGO's as a programmer,0.9614542667186583,1.0,0.9,False,13069
programmers,What would you consider best practice workflow tools for web application (PHP) development?,0.9960618199323209,1.0,0.8,False,23813
programmers,Component based software engineering vs Service Oriented Architecture,0.9913631787425954,1.0,0.7,False,12056
programmers,What are some well known applications written in F#?,0.9460571159805395,1.0,0.5,False,10965
programmers,Weeding out real agile from buzzword agile in an interview,0.9988515691989964,1.0,1.0,False,3105
programmers,Raw JavaScript or jQuery? Where to start from?,0.998323567045238,1.0,1.0,False,6593
programmers,How can I learn to write idiomatic C++?,0.9999181364961088,1.0,1.0,False,11565
programmers,"Which platform to choose, Java or .NET?",0.9950377200436012,1.0,0.9,False,7112
programmers,Is test coverage an adequate measure of code quality?,0.9935209493452557,1.0,0.8,False,13507
programmers,How to safeguard a REST API for only trusted mobile applications,0.9942833181874615,1.0,0.8,False,8523
programmers,Best way to protect website application code,0.9922392051119299,1.0,1.0,False,21101
programmers,How to teach Exception Handling for New Programmers?,0.9932681911844983,1.0,0.9,False,11669
programmers,Stack-instructions machines,0.9982955674958124,1.0,0.8,False,2452
programmers,"What is ""the Cloud"" and how does it relate to development?",0.9798535455353375,1.0,0.7,False,10758
programmers,How your team manage shared password/key,0.9189805730591486,1.0,0.4,True,7062
programmers,Handling Server Response Timeouts,0.9927575080701913,1.0,0.9,False,6157
programmers,Rewriting GPL code to change license,0.9990259571606139,1.0,0.9,False,14199
programmers,Is CSS a programming language?,0.9987024109388668,1.0,0.9,False,9823
programmers,How to structure my java packages,0.9793427199368633,1.0,0.8,False,5754
programmers,Open source development life cycle,0.9907883959865436,1.0,0.9,False,12148
programmers,How to improve the quality of app descriptions,0.9944201542275717,1.0,0.9,False,5464
programmers,Specifics of Switch and If statements,0.9979162837442989,1.0,0.9,False,5066
programmers,Data input validation - Where? How much?,0.9960652598432116,1.0,0.8,False,10057
programmers,What should I do to leave a job professionally?,0.9910412883949964,1.0,0.7,False,3418
programmers,"If my team has low skill, should I lower the skill of my code?",0.927680289673144,1.0,0.4,False,13667
programmers,How to know what to test in TDD?,0.9999057924376806,1.0,1.0,False,10961
programmers,What does the Spring framework do? Should I use it?  Why or why not?,0.998841106401469,1.0,0.9,False,18812
programmers,Ideas to get you programming mojo back?,0.9897050853586916,1.0,0.8,False,15921
programmers,What kind of programming languages have the highest pedagogical value?,0.9188325508398668,1.0,0.4,False,12875
programmers,Turn away a bug if no reproducible test case exists?,0.999887129519118,1.0,1.0,False,10332
programmers,Does Salary mean being On-Call 24/7?,0.8694876065369644,1.0,0.3,True,7815
programmers,Theoretically bug-free programs,0.985627955409727,1.0,0.7,False,9023
programmers,iOS Development Certifications,0.999945490923573,1.0,1.0,False,9353
programmers,What should a self-taught developer learn in order to work with others?,0.9871104663813819,1.0,0.8,False,18560
programmers,"Clarification of ""avoid if-else"" advice",0.9975588728081811,1.0,0.9,False,4639
programmers,"Auto Transaction Failsafe's, Coldfusion Schedule Files",0.991658404105369,1.0,0.9,False,4398
programmers,What's the history of the non-official pronunciation of SQL?,0.9690999732139536,1.0,0.5,False,3297
programmers,How to manage/control software versions?,0.9959511561178819,1.0,0.8,False,9909
programmers,"Is a Front-End Web Developer a ""Programmer""?",0.9863359148098245,1.0,0.6,True,14950
programmers,Is a company order to switch to a certain IDE a red flag?,0.9709746826067105,1.0,0.7,False,7332
programmers,Flipping the desired bit of an integer number,0.9985637343305555,1.0,1.0,False,5140
programmers,How do you balance documentation requirements with Agile developments,0.9933822335407325,1.0,0.8,False,12752
programmers,"Is code like this a ""train wreck"" (in violation of Law of Demeter)?",1.0,1.0,1.0,False,19669
programmers,How to avoid programmers duplicating code,0.9748707124165886,1.0,0.7,False,14267
programmers,Over thinking development,0.9980471955299481,1.0,0.8,False,13496
programmers,Linux Programmer moving to Windows,0.9684170333016906,1.0,0.6,False,6378
programmers,What are the advantages of the Intel C++ compiler?,0.9773343815247186,1.0,0.8,False,6960
programmers,"In the absense of a CS degree, how can I ""fill in the gaps"" so to speak?",0.9996619297328144,1.0,1.0,False,1595
programmers,How to define different names for the same type and have the compiler check them?,0.9999403971559943,1.0,1.0,False,13143
programmers,Single Line Conditions and Loops - Best Practice,0.9702271630611752,1.0,0.7,False,10343
programmers,Should we always write Defensive null check in code?,0.9918986101641891,1.0,0.8,False,15710
programmers,How do I choose what code to review?,0.9998641204049622,1.0,1.0,False,12254
programmers,Has the time gone to think about user with JavaScript disabled in browser?,0.9808706581534028,1.0,0.7,False,16434
programmers,Interpreted vs Compiled: A useful distinction?,0.9999955571472247,1.0,1.0,False,19412
programmers,How to Mentor a Junior Developer,0.9977514795121496,1.0,0.9,False,9052
programmers,best way to handle a many to many relationship?,0.9959428196382938,1.0,0.9,False,14784
programmers,stuck on a programming problem solution,0.9962720244021351,1.0,0.9,False,12887
programmers,catch(Exception ex) would this example be a code smell?,0.9891135886622234,1.0,0.9,True,21486
programmers,Recommended books on C++,0.9999117266991282,1.0,1.0,False,7412
programmers,Intellectual Property Rights - Starting a new Job,0.9972925689652746,1.0,1.0,False,13479
programmers,High-Level Classes and Low-Level Classes,0.9949571914214054,1.0,0.9,False,7880
programmers,managing information/functionality on shared common project classes,0.9875770974183511,1.0,0.7,True,17689
programmers,Determining what is a useful unit test,0.9997973219438852,1.0,1.0,False,19956
programmers,Version control comments - past or present tense,0.9804352732549706,1.0,0.9,False,6913
programmers,"What does ""general purpose system"" mean for Java SE Embedded?",0.9911918993467255,1.0,0.7,False,12253
programmers,Is it OK to put a link to Q&A sites in a program's comments?,0.9743057465908423,1.0,0.6,False,12353
programmers,Methods to rewrite a program,0.9940162525034701,1.0,0.8,True,10791
programmers,Standards for mixing languages within one application?,0.9639730873905681,1.0,0.5,False,18765
programmers,How to promote my open source project,0.999100128242469,1.0,1.0,True,9622
programmers,Tips or techniques to use when you don't know how to code something?,0.991801931918103,1.0,0.9,True,25832
programmers,"As a programmer, are you required to do timesheets?",0.9853146389429244,1.0,0.8,False,7061
programmers,Rails: The Law of Demeter,1.0,1.0,1.0,False,564
programmers,Where can I find a punched card simulator?,0.9997546584079251,1.0,1.0,False,5006
programmers,"Programming practice - Is there a site that has a daily ""write a method to do X"" type challange?",0.9293287644793055,1.0,0.3,False,18386
programmers,Why are CIL and CLR required in .NET?,0.9997748812956014,1.0,1.0,False,6302
programmers,Tips for managing an offshore development team,0.998879052777741,1.0,0.9,False,11528
programmers,Steps to open source a small project,0.9860930590815318,1.0,0.7,False,11247
programmers,Why is it so difficult to fix buffer overflows?,0.9998637829926466,1.0,0.9,False,2643
programmers,What issues should we be aware of converting to Agile/Scrum with a project that's underway?,0.9812730966922615,1.0,0.8,True,9953
programmers,Equal or less than 15 lines per method(function) principle?,0.9817238904145281,1.0,0.8,False,11880
programmers,Why is BigDecimal the best data type for currency?,0.991481996062787,1.0,0.8,False,11057
programmers,how to find average bits per symbol using huffman code?,0.9881546169234795,1.0,0.8,False,24343
programmers,What are the advantages of server-side Javascript and when would you use it?,0.9988948175388677,1.0,0.9,False,24018
programmers,"Excessive use ""final"" keyword in Java",0.9838869090761913,1.0,0.7,True,19900
programmers,Is it common to run out of work towards the end of a sprint?,0.9944496773764385,1.0,0.8,False,15317
programmers,How do you interview someone with more experience than you?,0.9993957125896737,1.0,0.9,False,5562
programmers,How is it possible to write the compiler of a programming language with that language itself,0.9966906567607631,1.0,0.8,False,15602
programmers,How to properly approach a GitHub workflow as a solo developer?,0.9894417737386131,1.0,0.9,False,12245
programmers,Able to read Code but struggling majorly to write it,0.9910400640850515,1.0,0.8,False,17421
programmers,Why is Scala more scalable than other languages?,0.9983196702618742,1.0,0.8,False,5051
programmers,"Is there a canonical source supporting ""all-surrogates""?",0.986761178823542,1.0,0.8,True,5150
programmers,How do you handle database change deployments?,0.9992151220949465,1.0,0.9,False,9150
programmers,Is there a canonical tutorial or book on functional programming concepts?,0.9673434593243365,1.0,0.5,False,12472
programmers,How to name parts of your program as a non native English speaker,0.9900037879047983,1.0,0.8,True,12843
programmers,Why is the rec keyword needed in F#?,0.9935042281102104,1.0,0.9,False,9328
programmers,Store image as logic file (in db by using binary format) or physical file (in the server),0.9453835186669565,1.0,0.5,True,21598
programmers,When should I start learning a PHP Framework,0.9994879294670851,1.0,0.9,False,10069
programmers,"if I use .NET Framework for my application, do I have to pay anything to Microsoft?",0.9966135208104633,1.0,0.9,False,22123
programmers,Test Driven Development vs Behavior Driven Development,0.9975913404943807,1.0,1.0,False,12436
programmers,How do you keep track of the authors of code?,0.9968453430509313,1.0,0.8,False,13488
programmers,Will using Linux make me a better programmer?,0.9453307360576398,1.0,0.5,True,23624
programmers,Will I ever be able to code client-side browser code in a language of my choice?,0.9859914562299897,1.0,0.8,True,18253
programmers,Is Java (still) the cross platform language of choice?,0.9912281924104127,1.0,0.8,False,10488
programmers,Pros and Cons of holding all the business logic in stored procedures in web application,0.9984480425092399,1.0,0.9,False,12954
programmers,Can the possibility of a data race be ignored in some cases? (while having concurrent threads),0.989382867012972,1.0,0.7,False,12143
programmers,"Algorithm to calculate scheduling of task list, check feasibility",0.9870908796213834,1.0,0.8,False,7730
programmers,"API Authentication, One time token VS Dynamic tokens",0.9998123185575775,1.0,0.9,False,17449
programmers,How Do You Organize Your ASP.NET MVC 3 Applications?,0.9870993296563871,1.0,0.8,True,11850
programmers,What are practitioner's thoughts of the IEEE software engineering certifications?,0.9974106062268684,1.0,0.9,False,7349
programmers,Dealing with change requests from clients for an old system that only take 5 minutes to implement,0.9948907738314489,1.0,0.9,False,17014
programmers,For web apps (vs web pages) why not put scripts and css inline?,0.9821238405359043,1.0,0.8,False,10979
programmers,Responsibilities of Build Script and Build Server,0.9960345612914198,1.0,0.9,False,7208
programmers,Is it bad to use Unicode characters in variable names?,0.9904228842260439,1.0,0.8,False,20401
programmers,Should unit-tests be entirely self-contained?,0.9997750508822696,1.0,0.9,False,7065
programmers,test driven development - Who should write the tests?,0.9999781081602963,1.0,1.0,False,14227
programmers,How can I make my logging more useful?,0.9992079011201942,1.0,0.9,False,21513
programmers,How 'child proof' should i write code as a solo programmer?,0.9983964677000519,1.0,0.9,False,15593
programmers,How to convey that a project is too ambitious?,0.9935195484906686,1.0,0.9,True,6859
programmers,What is the Best Way to Incentivize a Team of Developers?,0.9829596863175964,1.0,0.9,False,17273
programmers,When does SOAP make more sense than REST?,0.999881923199321,1.0,1.0,False,9613
programmers,Programming languages with a Lisp-like syntax extension mechanism,0.9985305691804329,1.0,0.9,False,18957
programmers,What's wrong with mutability and can it be desirable?,0.9946931207122368,1.0,0.8,False,2160
programmers,what's the point of method overloading?,0.9990230390469897,1.0,1.0,False,7367
programmers,Good logging technique for small projects on Java,0.9604859242406849,1.0,0.7,True,15220
programmers,Certifications needed to get an interview with no experience and no degree.,0.9871370489884581,1.0,0.8,False,15960
programmers,What is the difference between all-static-methods and applying a singleton pattern?,0.9955011171234037,1.0,0.8,False,11748
programmers,GPLv3 licensing and Software-as-a-Service web apps,0.9994765949428855,1.0,0.9,False,11190
programmers,How do you balance out code structuring (few big functions vs. many small ones)?,0.9961260008521663,1.0,0.8,True,22489
programmers,Does off-shore resourcing work?,0.9981401621846291,1.0,0.9,False,11472
programmers,How to organize functional programs,0.9990373090957593,1.0,0.8,False,11222
programmers,What pricing model has more benefits in mobile app stores: free or paid?,0.9973117687674501,1.0,0.9,False,8952
programmers,Refactor or Concentrate on Completing App,0.9754950793683937,1.0,0.7,False,5743
programmers,How do I convince my company to contribute towards Open-Source?,0.9918943144183419,1.0,0.9,False,7512
programmers,When should I stop programming / coding?,0.9930619976199982,1.0,0.9,False,15897
programmers,Why is Python used for high-performance/scientific computing (but Ruby isn't)?,0.9874906782270894,1.0,0.8,True,20801
programmers,Difference between static testing and code review,0.9991923864356452,1.0,0.9,False,16923
programmers,Do employers care about what college your degree is from?,0.9999549090310518,1.0,1.0,False,2224
programmers,MIT vs. BSD vs. Dual License,0.9952728149226742,1.0,0.8,False,2599
programmers,Value of passing by reference,0.999968483610601,1.0,1.0,False,5490
programmers,Designing a library that is easy to use: composition or inheritance,0.9962895942985771,1.0,0.9,False,21022
programmers,"Is there any reason to use C++ instead of C, Perl, Python, etc.?",0.9987716501826539,1.0,0.9,False,23043
programmers,Reasons to Use a VM For Development,0.985015087399645,1.0,0.7,False,22692
programmers,Is explicit else needed in initialisers?,0.9983809744019376,1.0,0.8,False,10610
programmers,"static or non-static, that is the question?",0.9991756244131398,1.0,0.9,False,10575
programmers,How to measure an IT workplace?,1.0,1.0,1.0,False,515
programmers,"Matching the superclass's constructor's parameter list, is treating a null default value as a non-null value within a constructor a violation of LSP?",0.9765223476738906,1.0,0.7,True,9287
programmers,IDE vs. Text Editor,0.9914634934794969,1.0,0.9,False,3217
programmers,How important is the ability to touch-type?,0.993878092439026,1.0,0.8,False,5809
programmers,Is it necessary to know and understand design patterns in order to be a professional programmer?,0.989075342995451,1.0,0.8,False,17696
programmers,"Without C++-like destructors, how do we return resources that aren't managed by garbage collector in Java?",0.9922567121805155,1.0,0.8,False,21172
programmers,Why would I ever use delegates if I'm not doing events?,0.9993109195359053,1.0,0.9,False,23309
programmers,GSOC along with an internship,0.9914001401090483,1.0,0.8,False,857
programmers,How do I approach a coworker about his or her code quality?,0.99222117976873,1.0,0.8,False,13547
programmers,Best approach to learning web programming,0.9955470357236778,1.0,0.8,False,16307
programmers,Is there really Object-relational impedance mismatch?,0.9954844734397501,1.0,0.9,False,9904
programmers,Why are algorithms and data structures important?,1.0,1.0,1.0,False,8876
programmers,"What's the difference between Enterprise Architect , Software/Solution Architect and a Dev Senior?",0.9967809390035072,1.0,0.9,False,12330
programmers,School vs Self-Taught,1.0,1.0,1.0,False,2671
programmers,"Programming by Intention, Depth-First or Breadth-First?",0.9996658018384219,1.0,1.0,False,10510
programmers,What does a standard code review contain?,0.9998557534184113,1.0,1.0,False,13813
programmers,How do I learn algorithms and data structures?,1.0,1.0,1.0,False,10470
programmers,How to isolate a massive and changeable web service,0.9929515390187604,1.0,0.9,False,5917
programmers,"What is the one or the few major changes from Java 6 to Java 7, couldn't JBoss do that already with Java 5?",0.9402992143321336,1.0,0.3,True,17901
programmers,Should interface only be used for behavior and not to show logical data grouped together?,0.9651618613452468,1.0,0.8,True,21689
programmers,Do Scrum sprints mean to work at the fastest pace possible?,0.9979898965746661,1.0,0.9,False,15568
programmers,Should a design document contain a discussion of the pros/cons to a given design or should it focus on facts and rationale?,0.9945156144928632,1.0,0.9,False,11666
programmers,"What is the best practice for arranging third-party library licenses ""paperwork""?",0.9945668246215117,1.0,0.9,False,9581
programmers,Should I focus on web development or try other technologies?,0.9888853134885438,1.0,0.9,True,15295
programmers,How to cut the line between quality and time?,0.991898137480253,1.0,0.8,False,9957
programmers,Select design pattern - user stage,0.9986819492510904,1.0,1.0,False,10454
programmers,Obsessed with finding most elegant solution,0.9987458783895358,1.0,1.0,False,7068
programmers,if it's been designed correctly is AOP useful?,0.9959839571648096,1.0,0.9,False,20689
programmers,"Colleague unwilling to use unit tests ""as it's more to code""",0.9998851424626255,1.0,1.0,False,23399
programmers,Is it wrong to use a boolean parameter to determine behavior?,0.9862378582028323,1.0,0.7,False,19642
programmers,Refactoring previous intern's noodle code with future interns in mind,0.9970011701272745,1.0,0.9,False,13712
programmers,When is it necessary to use ORM tools?,0.999930935567937,1.0,1.0,False,19073
programmers,Hiring developers - listing IDE as a requirement?,0.9947275471536813,1.0,0.9,False,13644
programmers,Does a programmer really need college?,0.9996038085320275,1.0,1.0,False,13963
programmers,How do you unit test private methods?,0.9999012981281279,1.0,0.9,False,7925
programmers,Query regarding MIT licence,1.0,1.0,1.0,False,2378
programmers,Painfully Stupid Method Names in Legacy Code: Fix or Leave as Warning?,0.9800546620105628,1.0,0.8,True,16270
programmers,Should I learn design patterns or algorithms to improve my logical thinking skills?,0.9928838045773098,1.0,0.9,True,15858
programmers,How to motivate someone(including myself) not to give up learning something?,0.9943705291210874,1.0,0.8,False,13350
programmers,Where do you draw the line for your perfectionism?,0.9494621114852172,1.0,0.7,False,2399
programmers,How does one become a leader in a team of programmers?,0.9858068704129719,1.0,0.8,True,14912
programmers,Redundant function to clarify purpose?,0.9999414550183708,1.0,1.0,False,6358
programmers,What are the chances of Google's Go becoming a mainstream language?,0.9970135784311936,1.0,0.9,False,11298
programmers,How did the idea of Exception-handling emerge into programming languages?,0.9850366452981681,1.0,0.8,False,14114
programmers,What is the difference between the factory pattern and abstract factory?,0.9999797876376176,1.0,1.0,False,8318
programmers,Do large test methods indicate a code smell?,0.9918334021388695,1.0,0.8,False,16168
programmers,Interviewing a developer who's skilled in a language you don't know,0.9952916751140638,1.0,0.8,True,17287
programmers,Is it bad practice to use public fields?,0.9769390700737334,1.0,0.6,False,21125
programmers,Learning Django by example,0.9988408996030659,1.0,1.0,False,9873
programmers,Is there any reason not to go directly from client-side Javascript to a database?,0.9961335094902194,1.0,0.9,False,14000
programmers,What are the best-practice / norms to order functions in files or classes?,0.9650163499534056,1.0,0.7,False,16042
programmers,How do you organize your projects folders?,0.9982755076381026,1.0,0.9,False,7521
programmers,How should I write my if statements?,0.999575073099782,1.0,0.9,False,5875
programmers,version control for small team,0.998331222530757,1.0,0.9,False,7710
programmers,Is the Joel Test really a good gauging tool?,0.9935109380123796,1.0,0.8,False,12886
programmers,What recommendations can you give in managing a team of remote software engineers?,0.9831016317139853,1.0,0.6,False,11406
programmers,How to calculate the quality of software project,0.9781553965302522,1.0,0.8,False,10551
programmers,Is the usage of internal scope blocks within a function bad style?,0.9889276359946872,1.0,0.9,True,9844
programmers,What is the best way to track / record the current programming project you work on?,0.9459216387745999,1.0,0.4,True,23141
programmers,What are the advantages of recursion compared to iteration?,0.9988388494772124,1.0,0.9,False,2625
programmers,What To Do If I've Found a Vulnerability In a Possible Future Employers Site?,0.9628207201536779,1.0,0.6,True,9062
programmers,Structured code vs Duplicate code. Modifiability,0.9870428438700126,1.0,0.7,False,14159
programmers,Using a development language (Python) before putting it into C++,0.9840402331480469,1.0,0.7,True,24849
programmers,Where are functional languages used?,0.9994998760786257,1.0,0.9,False,21387
programmers,Are C and/or C++ viable/practical options for web development?,0.9538526857549869,1.0,0.6,False,17620
programmers,"If you have designed (and implemented) a programming language, what to do to make it gain attention/popularity?",0.9417369677561457,1.0,0.5,False,19558
programmers,Is it bad practice to encapsulate a single operation in a class?,0.9792715451335416,1.0,0.7,True,11402
programmers,Unit-testing functions without business logic (only checks),0.9896412165931819,1.0,0.7,False,13131
programmers,Will it hurt my reputation if I don't deliver what I'm expected to?,0.9964351953528208,1.0,0.9,False,1929
programmers,Why does a computer science degree matter to a professional programmer?,0.9899329554415024,1.0,0.7,False,6243
programmers,What is a good analogy to explain how software development is different than building a bridge?,0.9818440588497482,1.0,0.8,True,19371
programmers,UML class diagram - instantiation dependency relationship: who depends on who?,0.9964612635403102,1.0,0.9,False,7144
programmers,"Does software rot refer primarily to performance, or to messy code?",0.9856376435337588,1.0,0.6,False,16418
programmers,Are there any downsides of 2 developers getting married?,0.958643736282589,1.0,0.7,False,17440
programmers,Why would you use MVC over Web Forms?,0.9996993470957662,1.0,1.0,False,24215
programmers,Is using build-in sorting considered cheating in practice tests?,0.9738061291148028,1.0,0.6,False,22584
programmers,"How do I explain ""Recursion"" to a 8 years old kid?",0.9997611564978705,1.0,1.0,False,5644
programmers,Choosing a functional programming language,0.9979741793512236,1.0,0.9,False,13135
programmers,Interpreting profiling results,0.9998972317132994,1.0,1.0,False,2787
programmers,What is the reason most people have predetermined fear of programming & how should skilled make them fearless?,0.9945310493466215,1.0,0.8,False,16890
programmers,Java GNU Licensing,0.999307906364931,1.0,0.9,False,4561
programmers,When using Visual Studio 2012 do you have to use the drag and drop system?,0.9970267894487509,1.0,0.9,False,20079
programmers,Is garbage collection necessary?,1.0,1.0,1.0,False,1713
programmers,"Would you see any use of a Trilean (True, False, ??)",0.9999689190831438,1.0,1.0,False,24075
programmers,Programming in academic environment vs industry environment,0.9937513120540776,1.0,0.8,False,9381
programmers,When should I use mock objects?,0.9999819824817959,1.0,1.0,False,19644
programmers,Licensing - Using Standard C Library,0.9965773192805649,1.0,0.8,False,21228
programmers,When should the VCS history of a project be deleted?,0.9995268406684035,1.0,1.0,False,7602
programmers,"From a TDD perspective, am I a bad person if I test against a live endpoint instead of a mock?",0.9940907209015021,1.0,0.7,False,9343
programmers,Where do you find the time?,0.9999884387744624,1.0,1.0,False,11125
programmers,Advantages of object-oriented programming,0.9996941956904623,1.0,0.9,False,11000
programmers,Which Agile methodology could my small team use?,0.9985311694324448,1.0,0.8,False,21901
programmers,"How to fix quickly, dummy errors?",0.9779288227298887,1.0,0.7,True,3541
programmers,"Almost graduate, how to prepare myself for the ""real world""?",0.9971266675127304,1.0,0.8,False,3916
programmers,Is the 80 character limit still relevant in times of widescreen monitors?,0.99223642491936,1.0,0.8,False,11507
android,How do I configure Dropbox in my Galaxy S III so that it does NOT automatically upload every photo/video I take?,0.9639104093793188,1.0,0.7,True,9263
android,What is SNS App?,0.99954552269027,1.0,1.0,True,7962
android,Android File Transfer problem,0.9902254722222442,1.0,0.6,False,14177
android,Error retrieving information from server [RPC:S-7:AEC-0],0.9994923578119176,1.0,1.0,False,5823
android,Is it possible to kill your phone sofwarematicly?,0.9777938997487575,1.0,0.6,False,11974
android,Can I use dual boot in my Android mobile phone?,0.9626522915105057,1.0,0.5,False,19026
android,mm-qcamera-daemon causing massive battery drain,0.982224600602503,1.0,0.7,False,2207
android,How to set up Google Apps Gmail on an Android -phone?,0.9948824160340106,1.0,0.7,False,19730
android,Factory reset to restore performance? What are the disadvantages?,0.9738873829949308,1.0,0.6,False,2446
android,Is it possible to connect a USB microphone to an Android phone or tablet?,0.9465043116748705,1.0,0.5,False,18120
android,Good free pdf reader for android that opens the last read page,0.9833112052273457,1.0,0.7,False,13707
android,"How to toggle wi-fi, gps etc quickly in HTC Sense?",0.9853298288049998,1.0,0.9,False,4582
android,What is this N-shaped icon on my HTC One?,0.8612166101342272,1.0,0.2,False,6481
android,Google “Play Music” app constantly running!,0.9883172917228258,1.0,0.9,False,12809
android,Want to try reformatting Damaged SD Card,0.9941892131756472,1.0,0.9,False,10667
android,What is the length and breadth of ONLY the screen in the Nexus 7?,0.9527648100405103,1.0,0.6,True,6146
android,How to make run only a single application with all other application stopped?,0.9654233365182849,1.0,0.5,False,8542
android,"Why does Google play show a ""no connection: retry"" error?",0.999319481476691,1.0,0.9,False,10274
android,Does an android phone unroot itself on factory reset?,0.9875546221154116,1.0,0.9,True,16580
android,Unable to move few Apps to SD Card,0.9903401266868779,1.0,0.8,False,9938
android,Making multiple files or a folder available offline in Google Drive,0.9939475810701306,1.0,0.9,False,10027
android,Does Android hide some amount of RAM from the User?,0.9917595594251343,1.0,0.9,False,11665
android,How to access internet on my  HTC Desire from my pc with USB?,0.9927218731646926,1.0,0.8,True,6743
android,Find my iPhone equivalent,0.9440273887851578,1.0,0.5,False,3426
android,Captive portal on Android is this Feasible?,0.9629540287094587,1.0,0.5,True,11087
android,How do I get Youtube Links to open in the YouTube app and not a browser?,0.9962891618956901,1.0,0.9,False,12993
android,SMS converts to MMS and only sends when data mobile is on,0.9723892195506743,1.0,0.5,False,5177
android,What do I need to improve performance of the Android emulator?,0.8681647832548496,1.0,0.2,False,12689
android,QR-code reader keyboard,0.9709718571677262,1.0,0.8,False,1556
android,How can Iget different sounds for different notifications?,0.9865239569245587,1.0,0.8,False,3191
android,How to monitor the amount of data traffic?,0.9992273046694262,1.0,0.9,False,3018
android,Is it possible to install Android on a PC?,0.9918784684625359,1.0,0.6,False,14796
android,Separate ringtone for calls from numbers not in the contact list?,0.9798220747340981,1.0,0.8,False,4981
android,How can I format a flash drive using terminal emulator?,0.9895090325274565,1.0,0.9,False,11137
android,Email application with notifications only for specified contacts (standard SMTP/POP3/IMAP),0.9916179703886324,1.0,0.9,False,5775
android,What is the difference between the Linux Kernel and the Android Kernel?,0.992429126251396,1.0,0.8,True,12088
android,iRola DX752 will not charge,1.0,1.0,1.0,False,849
android,How can I restore IMEI code after factory reset?,0.9999939199525031,1.0,1.0,False,2690
android,"Always shows ""Local calendar cannot sync with Google calendar. You need a google account.""",0.9944639609434521,1.0,0.8,False,10756
android,"I can't update my Nexus S, shows error screen. What to do?",0.9930200205264087,1.0,0.9,False,9626
android,How can I turn off the shutter sound for the camera on droid x running 2.2 froyo?,0.996530976435742,1.0,0.9,False,10931
android,Possible digitizer problem?,0.9999552269532722,1.0,1.0,False,6686
android,How to make cell phone using GPRS/3G a WiFi-Hotspot,0.98598632242018,1.0,0.8,False,16277
android,Does any version of Android support ad-hoc connections?,0.9876013311786159,1.0,0.8,False,13861
android,How to make point to point VOIP call between two Android devices?,0.9761534380106878,1.0,0.6,False,15192
android,Odin vs Clockworkmod,0.9843398014460714,1.0,0.9,False,581
android,"Programmatically, how does ""rooting"" a device enable access?",0.8954308509277701,1.0,0.8,True,9481
android,Child-proofing an Android phone?,0.9525790081571442,1.0,0.7,True,16222
android,Is it possible to permanently supress app updates?,0.9756089963320742,1.0,0.8,True,11610
android,How do I switch my Android device's SD card without causing problems?,0.9526984296582234,1.0,0.6,False,16389
android,"How can I assign a Windows drive letter to my ""portable drive"" (Samsung Tab 10.1)?",0.9673888118583667,1.0,0.7,True,9322
android,More internal memory or less memory + SD card,0.9815789697365285,1.0,0.6,False,3264
android,Can I use my phone as an audio device via Wifi?,0.9757095860807355,1.0,0.6,False,17626
android,Will my Android device change to Gingerbread when I factory reset it?,0.9864706824621005,1.0,0.7,True,14770
android,How do I connect a PS3 Controller with Xperia P?,0.9703817393713756,1.0,0.7,False,4657
android,Unassociate an app from a file extension?,0.9800773601951828,1.0,0.6,True,10019
android,Can't boot my Htc Wildfire S after deleting Sense,0.9918407580464711,1.0,0.7,False,4221
android,Download previously purchased,0.9421576272383553,1.0,0.3,False,3175
android,Is it always possible to reboot the phone without removing the battery?,0.9795609401812139,1.0,0.7,False,14307
android,How can I make a message appears on my PC when my phone is ringing?,0.967640088933035,1.0,0.6,False,13248
android,Can you remotely download AndroidLost to your phone if your phone battery is dead?,0.9898788450236221,1.0,0.8,False,12043
android,"How to check if GPS is working (Android 2.1, Samsung Galaxy-5)?",0.9570897522764138,1.0,0.5,False,18218
android,How to sign into another account in the gmail app on phone,0.9596993574878048,1.0,0.6,False,15390
android,What is the best pre-stealing practice?,0.9627074422359423,1.0,0.7,False,704
android,Spell Check app or setting while using drop down keyboard,0.9901635336857574,1.0,0.9,True,15856
android,Can I change the way photos are numbered?,0.9846542099418165,1.0,0.7,True,8069
android,How to find the unboxing date of an Android device?,0.9413757335495717,1.0,0.5,True,14299
android,Can't see profile pics of friends from an unknown number,0.999003830575075,1.0,1.0,False,4663
android,"How can I customize the list of services that pops up when I choose to ""share"" something in an app?",0.99658032448632,1.0,0.9,False,11385
android,Can I use the Google Market without syncing other Google data?,0.9831812110728185,1.0,0.7,False,14243
android,Google Play app dissappeared,0.963329108293505,1.0,0.8,False,10637
android,Apps which change region in google play store,0.979604005378732,1.0,0.8,True,12111
android,gallery sort order,0.9751987241502601,1.0,0.5,False,1133
android,Android Market gone after emulator reboot,0.9665298479940051,1.0,0.9,False,12151
android,"Is it possible to ""hard-wire"" an app so that it is the only thing accessible to users?",0.9820325164225907,1.0,0.6,False,12392
android,how to turn off voice command for blind and low vision,0.9936108878127119,1.0,0.8,False,3537
android,How to lock screen besides pressing Nexus S right side power button,0.9866122468940668,1.0,0.8,True,7825
android,Clear Google Play Failed Download Space,0.9938539616950293,1.0,0.9,False,8184
android,Failing to update android 4.1 - Galaxy Nexus,0.9725617572000123,1.0,0.5,False,17133
android,Android debugging-Boot Loops: Is there any way to get a log of information without ADB? Can the emulator even help?,0.9767215468874666,1.0,0.6,False,18410
android,samsung s4 has suddenly started calling through Skype instead of the local network,0.9807775231992445,1.0,0.8,True,9238
android,Samsung Kies: 'This version of the device can not be updated'. Never?,0.9891056581596395,1.0,0.8,False,11734
android,Android USB reverse tethering: How to fool the apps,0.9945113235747264,1.0,0.9,False,15664
android,Develop Java Swing Applications  on Android,0.979242840240227,1.0,0.7,False,12413
android,Why does the 3G connection drop issue happen on all Verizon 4G LTE handsets?,0.9972817953652492,1.0,0.9,False,6907
android,"Use existing contact for ""Me"" in Ice Cream Sandwich",0.9944710437635473,1.0,0.8,False,10974
android,number in the top right corner of the camera app?,0.8546408501499989,1.0,0.4,True,9839
android,Is there a way to hide pictures from being shown in Gallery,0.9919269746152436,1.0,0.8,False,6121
android,Fix a damaged microsd card?,0.962826600241861,1.0,0.5,False,3640
android,Undo functionality while editing text,0.9838591871811966,1.0,0.8,False,2738
android,Downgrade Nexus 4 from 4.4 to 4.2,0.9915992865828971,1.0,0.9,False,9726
android,Set two languages simultaneously for the stock keyboard?,0.9821349243189232,1.0,0.7,False,7081
android,USB storage blank or unsupported filesystem,0.9863218239625248,1.0,0.8,False,2938
android,How can I control both volume and track skip on my Android device from my headphones?,0.9697513903363243,1.0,0.6,False,13584
android,What is this fingerprint bar on my phone?,0.9526447446530782,1.0,0.6,False,10532
android,Is there a way to see the top apps across all categories?,0.9910361481449372,1.0,0.8,False,12599
android,How can I know which app is giving me notification sounds?,0.983845799843383,1.0,0.8,False,11698
android,How to migrate applications to other user account without downloading the applications again?,0.9709564475707237,1.0,0.7,False,8047
android,Block apps from accessing the Internet on Android device,0.8963871859308205,1.0,0.2,True,16976
android,Is it safe to use phone while charging with portable powerbank?,0.994430690784913,1.0,0.7,False,15539
android,Why my S3 device sounds when magnetic card is put on its back?,0.895432600295365,1.0,0.6,True,10145
android,How to download unsupported files from the default browser?,0.9964894209972719,1.0,0.9,False,6536
android,Workaround for Android 4.4 not being able to write to SD cards?,0.9812195424891138,1.0,0.8,False,14538
android,How can I check the OS version of an Android device?,0.9850300139872739,1.0,0.7,False,14293
android,Can I manually rotate my phone while auto-rotation is disabled?,0.9849053590203228,1.0,0.8,False,11352
android,play & loop video on startup,0.9446492989879318,1.0,0.4,False,3179
android,Change default Hotspot IPAddress (192.168.43.1) or mac address,0.985189895998545,1.0,0.8,False,7485
android,What Tasker Profiles do you use?,0.9975176796712591,1.0,0.9,False,9978
android,"""keep screen on if USB debugging"" application?",0.9850388952416403,1.0,0.8,False,7799
android,Xperia J sound very low with earphones and headphones,0.9739063677040555,1.0,0.8,True,1810
android,Cannot install Draw Something on Galaxy Mini GT S5570,0.9996034280003715,1.0,0.9,False,11112
android,How to change System Language in Android?,0.9832977198730886,1.0,0.8,False,13025
android,How to use PC internet on Android mobile via Bluetooth,0.9926548330885893,1.0,0.9,False,16896
android,robot dies with red triangle when restarting from 4.2 install on stock Samsung Galaxy Nexus,0.841874288352776,1.0,0.3,False,15187
android,Is it possible to change how Froyo hyphenates phone numbers?,0.8926859492458523,1.0,0.4,True,13418
android,How do I disable corporate exchange security policy on Samsung Galaxy S 2?,0.9627360400492219,1.0,0.9,True,11480
android,Is there an app that will let me text from my pc with the same phone number?,0.9138782743148294,1.0,0.4,True,15751
android,"Does ClockworkMod Recovery's ""Wipe Data"" command also wipe the SD card?",0.9912191350985843,1.0,0.9,False,7775
android,How to remove this sliding app section?,0.9890793130518254,1.0,0.9,False,8899
android,I can't delete my messages,0.9999185405041598,1.0,1.0,True,3113
android,"My Samsung Galaxy S front-facing camera doesn't work in camera app, Gtalk or Skype -- How can I use it?",0.9601362498752943,1.0,0.6,False,17905
android,How to check if application on Google Play would work on other (not own) phone?,0.9712937992414198,1.0,0.7,False,17100
android,My phone is sending messages to international number,0.9965559324626259,1.0,0.8,False,12297
android,Can I use ADB without connecting over USB?,0.9947479859208956,1.0,0.8,True,12977
android,How do I check if my nexus 7 is from 2012 or 2013?,0.9996809454301243,1.0,1.0,False,4802
android,"Built-in alarm, calendar suddenly talking to me. How can I shut them up?",0.983793150320349,1.0,0.7,True,1965
android,How will a swap partition/file affect the system?,0.9999424449236107,1.0,1.0,False,4975
android,How do I make Adobe Flash work with Firefox?,0.9868407312915117,1.0,0.9,False,7938
android,rooting xperia tipo dual st21i2x,0.9995184045780403,1.0,1.0,False,4257
android,Battery percentage going down while charging!,0.9967497698577844,1.0,0.8,False,4054
android,Cant add exchange Account 4.1.2,0.9964471540495508,1.0,0.9,False,10913
android,how to close an application in android,0.9900581972140851,1.0,0.8,False,12342
android,Android tablet pc will not connect to (router) wi fi,0.9935062272375332,1.0,0.8,False,13533
android,Find lost acer android tablet without a tracker installed,0.9385362224692237,1.0,0.6,True,15807
android,PHone rebooting when screen turns off,0.9900764979918146,1.0,0.7,False,12607
android,"How exactly does ""root"" user access/account works? Do all applications run as root on my phone after rooting?",0.989139378520572,1.0,0.8,False,17012
android,Should I switch to ART?,0.9999742804022786,1.0,1.0,False,976
android,How can I automatically reject some types of calls?,0.9997199128987436,1.0,1.0,False,3600
android,Make a calll to genymotion emulator,0.9995065182814147,1.0,0.9,False,2813
android,Can tablets differentiate between regular wi-fi and mobile hot spot?,0.9831127931780296,1.0,0.8,False,4028
android,Looking for Call list Application,0.9845904231976744,1.0,0.7,False,6884
android,Reinstalling purchased apps on a new phone?,0.9763956776036685,1.0,0.6,False,15482
android,Can I install applications onto sd card with Android 2.1?,0.9679439937482149,1.0,0.6,False,16722
android,Facebook version 3.5. - sort news feed,0.9920425942111016,1.0,0.9,False,6909
android,how to stop an app upgrading?,0.994236608202619,1.0,0.8,False,9364
android,application to restore/download all market applications after new rom is installed,0.9903565687849413,1.0,0.8,False,10666
android,Messages on computer?,0.9985220382988219,1.0,0.8,True,3151
android,What is the difference between jailbreaking and unlocking an Android?,0.9487514899531403,1.0,0.7,False,12308
android,Charging related question,0.9965113716707155,1.0,0.9,False,3146
android,How to change IP pool for WiFi tethering on Nexus 5,0.954584720357442,1.0,0.6,False,6870
android,How to root Coby Kyros - mid7016 tablet,0.9997607378584317,1.0,1.0,False,5115
android,How to tether WiFi-internetconnection with Nexus 7 on a PC without WLAN via USB?,0.9807243182401048,1.0,0.8,True,8979
android,Use an Android tablet as a Wacom drawing tablet for a PC?,0.8859789652653848,1.0,0.3,False,16354
android,"is there a way to know what CPU, GPU, RAM my phone / tablet has?",0.9833848472287551,1.0,0.8,True,15541
android,i have lost my images by deleting them but now i want them back,0.980298564370567,1.0,0.6,False,8332
android,How do I import user data from a ROM Manager backup?,0.9842915033022315,1.0,0.8,True,6589
android,Will flashing re-lock my unlocked phone,0.9951017278217419,1.0,0.8,True,11396
android,2.1 as a secure access point?,0.9890013477632843,1.0,0.7,False,9618
android,Is it possible to direct all audio output to a bluetooth headset?,0.9836236877078737,1.0,0.8,True,4820
android,Does having CWM mean bootloader is unlocked?,0.9844172319695432,1.0,0.6,False,2193
android,List of ROMs for HTC Flyer,0.9390824455254236,1.0,0.7,False,4979
android,Is it possible to filter Google Play search results by permission?,0.974430236215279,1.0,0.7,False,9059
android,Is there any browser that allows to view the source?,0.9801488555171549,1.0,0.7,False,2934
android,Accessing the Android Phones SMS and other feature via Data Cable,0.9827250213531431,1.0,0.8,False,17874
android,How can I reduce screen brightness below the minimum without an app?,0.9793071197524347,1.0,0.8,False,11343
android,Decrypting TitaniumBackup files,0.9915416865875234,1.0,0.9,False,3229
android,How do I remove HTC Desire pre-installed Android applications?,0.9760370042411011,1.0,0.7,False,15386
android,How to backup an Android device?,0.9938808021464366,1.0,0.7,True,13449
android,Can Android tablet read external hard drive and if so which formats?,0.9571733145316041,1.0,0.7,True,13077
android,How does Google Maps estimate my location without GPS?,0.994505348652947,1.0,0.9,False,6847
android,Simultaneity connect 2 Bluetooth devices (keyboard and a mouse),0.9807537999752881,1.0,0.7,False,12171
android,"Other than portability, are there any other advantages (or disadvantages) to storing apps on external storage?",0.9330682138574422,1.0,0.3,False,9367
android,How to capture video stream from Android phone screen and show it on laptop?,0.9756639829637973,1.0,0.8,False,17975
android,"Why are Android apps getting rid of ""Quit"" functionality?",0.939177751834459,1.0,0.4,False,17133
android,How to monitor Wi-Fi usage?,0.9932190570667688,1.0,0.9,True,1046
android,What are the security disadvantages of rooting an Android phone?,0.8445348734087498,1.0,0.2,True,17088
android,How can I download apps to the SD card with space instead of my phone storage?,0.9762530823172254,1.0,0.7,True,16091
android,Is there any app for Stack Exchange?,0.9664537300039258,1.0,0.5,False,8858
android,Recover deleted content from userdata partition?,0.9859616051828215,1.0,0.8,False,2100
android,Can deleting stock web browser cause problems?,0.9970537974885499,1.0,0.9,False,7212
android,My Camera on my android tablet isn't letting me take any pictures. help?,0.9407439224391493,1.0,0.7,True,14254
android,Mini Calendar Widget not updating to today,0.9983270126907642,1.0,1.0,False,4370
android,Turning off just email notification sound,0.9997875586412692,1.0,1.0,False,4166
android,Is there a way to blacklist SSIDs?,0.9131282144358951,1.0,0.4,True,5257
android,apps wanting setting control,0.9912368294848974,1.0,0.8,False,12929
android,Can I use an external touchscreen with the Nexus 4?,0.9667981582443744,1.0,0.7,False,13380
android,"Why is ""Android OS"" uploading so much data?",0.9666311890008411,1.0,0.8,True,13095
android,I have the error that an application has been force stopped,0.9964465550707327,1.0,0.8,False,5090
android,Phone not updating Market to Google Play?,0.9948139228461227,1.0,0.8,True,14352
android,How to give root access to apps that don't request it?,0.9819162045989126,1.0,0.7,False,11524
android,Wifi Error when turning on,0.9909116672088628,1.0,0.9,False,4502
android,Insufficient memory to download apps from playstore?,0.9997083966918868,1.0,1.0,False,9557
android,How to root the new version of the ONE X,0.9758183256359813,1.0,0.5,False,10380
android,How can I set a Screen Lock Timeout?,0.9999705272501129,1.0,1.0,False,7155
android,Turning on Wi-Fi on demand,1.0,1.0,1.0,False,2483
android,Double Security for Gmail,0.9408475865501114,1.0,0.6,True,1501
android,How does the Heartbleed security vulnerability affect my Android device?,0.9911067753933447,1.0,0.9,False,13280
android,Why is there such a difference in thr amount RAM used?,0.995565197821513,1.0,0.9,True,10749
android,Restrict access to device settings,0.997178494747143,1.0,0.9,False,9911
android,Copy contacts from iCloud to Android phone,0.9714863369749851,1.0,0.6,False,16702
android,Can gmail notifications be customized by label?,0.981370979860096,1.0,0.7,True,3086
android,"SMS messages just have ""null""",0.95010555549678,1.0,0.4,False,2490
android,How check what requests does my App (wireshark for Android)?,0.9621784322366941,1.0,0.7,False,15368
android,Can I download a paid app on a second device from Google Play?,0.9937512632890846,1.0,0.9,True,14699
android,"Are there any ""iptables like"" firewall for Android?",0.9922664671278127,1.0,0.9,True,13491
android,How to remove Google Account that is set for Android Market in device?,0.9742059891562944,1.0,0.6,False,16802
android,How to circumvent the market compatibility check?,0.9998345600259249,1.0,1.0,False,2365
android,"If I use free WiFi in a hotspot, can data be easily sniffed?",0.9978774961593079,1.0,0.9,False,11962
android,why smartphones become laggey and slow with time?,0.9410566535038303,1.0,0.5,False,4122
android,MS Office Client for Android,0.9836358363248057,1.0,0.8,False,11203
android,Need to unlock Coby tablet; MicroSD card not formatted,0.9572715406394269,1.0,0.5,False,6930
android,Hide Developer Options in Android 4.2,0.9839455580029888,1.0,0.8,True,15001
android,How to lower down the volume more than by default?,0.9946151850852821,1.0,0.9,False,1988
android,Is it possible to change the system language to Japanese?,0.9963811491922135,1.0,0.8,False,6935
android,Can an Android text message set off an alarm?,0.9426391894064066,1.0,0.6,True,14398
android,Reverse Tethering,0.9998513906896007,1.0,1.0,False,361
android,How do you add widgets to the lockscreen in KitKat?,0.9839288424559859,1.0,0.9,True,1662
android,What's the native wallpaper resolution of HTC One?,0.9482750499379606,1.0,0.6,False,6219
android,Is there a way to temporarily disable hosts and flush the DNS?,0.9672541610205708,1.0,0.6,False,6291
android,How to change camera default save location?,0.9794955799715307,1.0,0.7,False,4995
android,Why does Spotify say that there is no Internet connection available when there is one (Samsung Galaxy S)?,0.9795735396669973,1.0,0.7,False,13328
android,How can I make an actual heart symbol in a text on my htc inspire?,0.9792745499593875,1.0,0.7,True,5860
android,LG L3 : difference between system memory and internal memory,0.9763605368225335,1.0,0.7,False,5115
android,Re-rooting Nexus 4 after KTU84P Update,0.9991723932820369,1.0,0.9,True,10035
android,How to copy my contacts with a broken touchscreen and buttons to the computer,0.9937409244284652,1.0,0.9,False,4681
android,Gift app on Google Play,0.989494318061392,1.0,0.9,False,10650
android,Does nexus 4 work with indian network,0.9622535813623442,1.0,0.6,False,10530
android,"Is it possible to install unmodified, unadulterated and pure Android on a Sony Xperia S?",0.9724746338272543,1.0,0.6,False,14689
android,"Disable open Google Search by sliding up from the home button ""feature""?",0.9892995725185927,1.0,0.9,True,9201
android,"Does anyone else have issues with Google Talk for Android always ""losing connection to server""?",0.9692651333945448,1.0,0.5,False,16324
android,Not able to send media file via WhatsApp,0.9921669544740754,1.0,0.8,False,7082
android,rooting Samsung Galaxy Note 2,0.9971753717746745,1.0,0.8,False,12432
android,Is it possible to stream from an Android Nexus tablet to an apple airport express?,0.8508388903809955,1.0,0.4,True,14068
android,Rooting my phone and installing CyanogenMod. Can I ever go back?,0.9897676916194466,1.0,0.7,False,15372
android,Wi-Fi icon next to apps in android market,0.9554098377457785,1.0,0.7,False,15531
android,Package file is invalid,0.999430120459842,1.0,0.9,False,3409
android,How can data on an unrooted phone be backed up?,0.9938873674577873,1.0,0.7,False,12350
android,How do I connect to a wifi ap and 3g network simultaneously?,0.9690599834493453,1.0,0.5,False,4841
android,How can one move the position of the application inside the launcher?,0.9100408018082145,1.0,0.5,True,7442
android,Locating lost android device in home,0.9685815885177191,1.0,0.6,False,14048
android,How to have a long Standby and Battery -life?,0.9986343596976908,1.0,0.9,False,2167
android,Where on the file system are SMS messages stored?,0.9957780881261417,1.0,0.8,False,7505
android,How to transfer files using WiFi Direct between 2 ICS devices?,0.9933757139720202,1.0,0.9,True,16705
android,How can I sync the bookmarks in the web browser?,0.997520125528792,1.0,0.9,False,2526
android,Is there a zoom and timer functionality on Nexus S camera?,0.9700025079600821,1.0,0.7,False,3740
android,How to pull the apks from my android phone,0.9008807790569644,1.0,0.4,True,16406
android,Configuring Background Images,0.9905144948565523,1.0,0.8,False,2392
android,Cell standby use about 35-50% of total battery?,0.997582672720742,1.0,0.8,False,10824
android,How to encrypt android device without screen lock?,0.9926004398321899,1.0,0.9,False,15468
android,Will I lose any apps / data if I upgrade my phone's OS?,0.9304158122327609,1.0,0.4,False,15922
webmasters,Get rank for non english keyword in a english site,0.9415086914724708,1.0,0.6,False,10437
webmasters,Keyword adding in footer tag in the website will it help for SEO?,0.9600939771078102,1.0,0.5,True,9838
webmasters,How to Recover Lost Website/ blog data with no backup?,0.9838972502762106,1.0,0.8,False,7720
webmasters,SEO: Where do I start?,0.9874039395224584,1.0,0.7,False,3407
webmasters,When does a website require a privacy policy and/or terms of use?,0.9747470856321154,1.0,0.7,False,11429
webmasters,Joomla Sites hacked by DR-MTMRD,0.9568502485271346,1.0,0.6,True,7755
webmasters,Redirecting entire old domain to new domain,0.9641061100997952,1.0,0.3,False,6459
webmasters,SEO and multiple domains to same site,0.9909979983109076,1.0,0.7,False,10550
webmasters,How did this website get a custom search bar listed under their search results?,0.982997186828429,1.0,0.7,False,11185
webmasters,How do I deal with content scrapers?,0.9993338109144776,1.0,0.9,False,3440
webmasters,Make Google +1 button +1 a specific URL rather than the URL it's on?,0.9622431525106098,1.0,0.6,False,11089
webmasters,How to combine GZip + CDN for faster page loads?,0.9656143302764146,1.0,0.7,True,6911
webmasters,SEO problem with mispelled domain,0.9862588894094736,1.0,0.7,False,6729
webmasters,Issues with trailing slash vs no trailing slash and if I even need to redirect?,0.9959437952210949,1.0,1.0,False,6483
webmasters,Google Pagerank (PR) History and Next Upcoming Updates,0.9812406777134733,1.0,0.7,False,7266
webmasters,"Pagination, Duplicate Content, and SEO",0.9789389481871145,1.0,0.8,True,5335
webmasters,Ratio of No-follow & Do-follow Backlinks,0.9286329194404143,1.0,0.4,False,1991
webmasters,What are the best ways to start driving traffic to a new website?,0.982946188023717,1.0,0.7,False,10507
webmasters,How long for data highlighter mark up to appear in structured data tool?,0.992922255136784,1.0,0.8,False,4392
webmasters,Search Rankings and new website,0.9884514768945812,1.0,0.8,True,9492
webmasters,Live view of online visitors,0.9884317384473056,1.0,0.7,False,2330
webmasters,"Best practice for SEO ""special characters"" in products pages",0.968366006523932,1.0,0.7,False,8780
webmasters,Should I use HTTPS for my WordPress blog?,0.9826453932658543,1.0,0.6,False,8949
webmasters,"When seeking to acquire a legacy domain from a site owner, what should I look for in the domain history?",0.9883517218845432,1.0,0.8,False,10715
webmasters,Search Engine results from different locations,0.9949786707343823,1.0,0.8,False,6101
webmasters,Why treat these as URLs with different path capitalization and trailing slash as different?,0.9936351035795219,1.0,0.9,False,5063
webmasters,SEO Reseller Programs,0.967035466369141,1.0,1.0,True,2772
webmasters,Warning in Google structured data: either price or review or availability needs to be present,0.9952712964867474,1.0,0.9,False,9995
webmasters,Problem integrating Adsense with Google Analytics,0.9862403030534264,1.0,0.8,True,7829
webmasters,Mobile site robots.txt,0.9927112962930695,1.0,0.8,False,8008
webmasters,How can I simulate a website loading slowly?,0.9444794290306534,1.0,0.7,True,6681
webmasters,Website falsely blocked because of spam. Does anyone know how we should proceed?,0.9486389766555652,1.0,0.3,False,9383
webmasters,Is there anything better than awstats?,0.9969175465042183,1.0,1.0,False,2094
webmasters,Is it a bad idea for my homepage to be in a sub-folder?,0.991121967447183,1.0,0.8,False,2799
webmasters,is it good for SEO to hierarchy the site links?,0.8869703136306022,1.0,0.2,False,10446
webmasters,"Old content, new URL's, how to keep the old URL's still working? 301 redirects?",0.9908499285799336,1.0,0.9,True,9995
webmasters,How to register a domain for a beginner?,0.9654803887748088,1.0,0.4,False,3771
webmasters,What's the best way to create your own website?,0.9893261418709889,1.0,0.8,False,9604
webmasters,"How to solve ""Login Only"" rejection?",0.9969195813628144,1.0,1.0,False,690
webmasters,"Do my blog page views help my main site's page ranking, if they are on the same domain?",0.986700819309955,1.0,0.8,True,13141
webmasters,Benefit of date in URL segments,0.95516421978815,1.0,0.7,False,3680
webmasters,Reducing the number of js or css files downloaded?,0.9968634253970735,1.0,1.0,False,4372
webmasters,Validation Meta tag for Bing,0.9729044559345571,1.0,0.7,True,2062
webmasters,How many back links should be created within 7 days?,0.9864418825140069,1.0,0.7,True,7295
webmasters,How do I prevent access to an add-on domain's root directory from main hosting domain name,0.999705620898775,1.0,1.0,False,8601
webmasters,How do I get images containing text to be indexed by search engines?,0.996465398021755,1.0,0.9,False,8997
webmasters,How can we find the develpoment language of a specific website?,0.9889355260391615,1.0,0.8,False,8098
webmasters,https:// search results appearing on Google for purely http:// site,0.9848715781324607,1.0,0.7,False,12655
webmasters,Why our mails go to spam box in Gmail?,0.990076048849901,1.0,0.8,False,2806
webmasters,link:www.example.com returns 0 results,0.9438812193308298,1.0,0.4,False,9721
webmasters,Why are the stats for HTML Improvements in Google Webmaster Tools not decreasing?,0.9959678519256894,1.0,0.8,False,8413
webmasters,What is deleteme.xxxxxxxx.php,1.0,1.0,1.0,False,1847
webmasters,Can we use a copyrighted material if there is no copyright information and there is no way to contact the author,0.9880935105779992,1.0,0.8,False,10176
webmasters,Data sources for Alexa and Compete rankings,0.9950627645459297,1.0,0.9,False,3004
webmasters,bounce rate and Alexa ranking clarifications,0.9723649126907384,1.0,0.5,True,1570
webmasters,Different URLs with duplicate content,0.9964207148627743,1.0,0.7,True,7244
webmasters,"Mobile and desktop SEO, double content",0.9547953454233572,1.0,0.7,True,5183
webmasters,Using directories vs http get?,0.9859530882369495,1.0,0.6,False,11605
webmasters,How to make my page load faster?,0.9930695419872928,1.0,0.9,False,8125
webmasters,Is it good to index category in search engines?,0.9887915966382833,1.0,0.8,True,6105
webmasters,How to send mass email and not get treated as spam,0.9692004111648777,1.0,0.6,False,5156
webmasters,Social media logos and their bg,0.9999263731622058,1.0,0.9,False,569
webmasters,How is it possible that Google has indexed more URLs than a sitemap contains?,0.9879618743484193,1.0,0.7,False,9964
webmasters,How to make a sub-domain an alias of other domain when a wilcard exist to that level in the dns server,0.9908182420787177,1.0,0.8,False,7947
webmasters,SEO questions about website page titles,0.9824764093259136,1.0,0.6,True,11617
webmasters,google analytics - calculate peak concurrent users for a given hour,0.8888197793618287,1.0,0.4,False,8829
webmasters,Will Google's New +1 Count For SEO,0.9570184612529892,1.0,0.5,False,10248
webmasters,How to hide “all traffic” when plotting rows in Google Analytics?,0.9045034276718581,1.0,0.5,False,6949
webmasters,Changing default date range in Google Analyics?,0.9933085693780164,1.0,0.8,False,8064
webmasters,Should i host the country specific website in the server at same country?,0.9803724576151585,1.0,0.7,False,9378
webmasters,Is it a good idea to register multiple domains pointing to a single website,0.9591102241832719,1.0,0.6,False,10571
webmasters,What happens when a domain name reached it's expiration date?,0.9967023392850325,1.0,0.9,False,5566
webmasters,How to register a .er domain?,0.9279817653804557,1.0,0.5,False,3736
webmasters,Best way to prevent Google from indexing a directory,0.9820685235294637,1.0,0.7,False,10044
webmasters,Finding estimated traffic to a website,0.9077270914184455,1.0,0.5,True,7865
webmasters,What is the SEO impact of moving my domain to another IP address and what is the right way of doing this?,0.9705429542647643,1.0,0.6,True,9573
webmasters,How to serve WAMP website over internet?,0.9307929163372126,1.0,0.4,True,6637
webmasters,How to do SEO for a one page web application?,0.972337304192533,1.0,0.5,False,11053
webmasters,Forwarding naked domain to www,0.9972085584251318,1.0,0.9,True,5323
webmasters,Best way to handle query string params no longer used,0.9947924319465313,1.0,0.9,False,10292
webmasters,"URLs which begin ""www2""",0.9930957926739352,1.0,0.9,False,3236
webmasters,find-new/posts&recent=1 as homepage: what about SEO?,0.950611720332755,1.0,0.4,False,8899
webmasters,Someone is copying my blog content. Does it affect my blog’s ranking on Google?,0.9744183632355149,1.0,0.8,True,9639
webmasters,How do I get my website public?,0.996421946649163,1.0,0.8,False,8795
webmasters,Does the order of keywords matter in a page title?,0.9834283571908272,1.0,0.7,False,7571
webmasters,"What is a ""back link"" and how does it affect search ranking?",0.9950984698934264,1.0,0.9,False,6659
webmasters,Self hosted PHP shopping cart with no storefront?,0.9966330639200991,1.0,0.9,False,4323
webmasters,Which keyword should I use: colors or colours or a combination of both?,0.9282208427176317,1.0,0.4,False,8439
webmasters,Any other web Analytics tool other than Google Analytics,0.9930322350001887,1.0,0.9,False,8849
webmasters,How to organize this site?,0.9901652038554669,1.0,0.7,True,7692
webmasters,HTTP and HTTPS impacts on SEO,0.974956406560469,1.0,0.6,False,6054
webmasters,blogger multiple custom domains?,0.9929666252368489,1.0,0.9,True,4897
webmasters,How to choose a CMS system for a small web site?,0.9442262357998786,1.0,0.3,False,9874
webmasters,Looking for software that has a shopping cart where I can sell licensed photos,0.9934905714373798,1.0,0.9,False,3660
webmasters,Subdomain or domain?,0.9997183715935303,1.0,0.9,False,3712
webmasters,Are there any difference between `<h1> ... <h6>` tags for SEO?,0.9942460756286018,1.0,0.9,False,5041
webmasters,How is anti-hotlinking done?,0.9852716256244457,1.0,0.7,False,846
webmasters,How do I get a domain from a grabber without paying?,0.9989510231807505,1.0,0.9,False,7557
webmasters,Google analytics - drop in traffic,0.9805932097970772,1.0,0.8,False,6921
webmasters,Are hyphens bad for domain names?,0.9995691735947626,1.0,1.0,False,4996
webmasters,Does Google cap impressions of my website?,0.9273867632190933,1.0,0.5,True,10074
webmasters,change the static IP address to domain name,0.9987496687699353,1.0,1.0,False,6832
webmasters,Duplicate content caused by HTTPS pages,0.9962668151259635,1.0,0.8,False,8685
webmasters,How long usually it takes to effect google ranking after revise contents?,0.9601941233488255,1.0,0.5,True,9339
webmasters,Stopping Apache from serving requests for content from other sites,0.9669098197288605,1.0,0.6,True,9999
webmasters,Domain Branding: Is Making A Word Plural Relevant?,0.9525506635743609,1.0,0.6,True,6299
webmasters,Alternatives to Google Website Optimizer,0.9642280195374127,1.0,0.7,False,10353
webmasters,Google Analytics unable to validate my site during setup,0.9424217652263788,1.0,0.4,False,10999
webmasters,Website that allows users to interact via SMS (at a charge),0.9513233698084069,1.0,0.6,False,9074
webmasters,How do I setup 301 redirects in Google Apps site?,0.9713293034338177,1.0,0.6,True,11543
webmasters,"One multi-domain analytics profile, or one analytics profiles per domain?",0.9801001840812046,1.0,0.7,False,7883
webmasters,Using same Google Adsense units for web and mobile versions,0.9740242499769046,1.0,0.8,False,12642
webmasters,Ideal word count per web page?,0.9785548560743306,1.0,0.6,False,8819
webmasters,Prevent virtual host on same server interact on apache,0.9965043620059679,1.0,0.9,False,4958
webmasters,Strange incoming links appearing on site statistics,0.9806689837239457,1.0,0.7,False,9407
webmasters,Adaptive websites - considered keyword stuffing by Googlebot?,0.9943922382270186,1.0,0.8,False,7151
webmasters,How to avoid page views from an adult site in my blog?,0.9969667894074216,1.0,0.9,False,11351
webmasters,Shared Web Hosting provider for video or social networking sites,0.958155380555353,1.0,0.5,False,10866
webmasters,addthis button default message,0.9957229737737455,1.0,0.8,False,1331
webmasters,Switching domain and hosting providers - questions about email,0.973517200163664,1.0,0.6,False,7812
webmasters,"Which is good to target, singular or plural keyword?",0.8834442309824708,1.0,0.4,True,2730
webmasters,Changing web hosting companies,0.9796119415193535,1.0,0.5,False,6615
webmasters,How to fix soft 404 errors in GWT?,0.9823615047276816,1.0,0.8,True,1863
webmasters,Can a PHP generated main page be indexed by Google?,0.9545332110016951,1.0,0.6,True,11055
webmasters,"Is Google ok with multiple rel=""author"" links?",0.9744707431671332,1.0,0.7,False,8684
webmasters,Sitemap.xml doesn't seem to be working properly,0.9926024138078775,1.0,0.8,False,5302
webmasters,Unlimited free sitemap generator for Nginx?,0.9911486037895229,1.0,0.8,False,2097
webmasters,Preventing robots from crawling specific part of a page,0.9832715292307178,1.0,0.7,False,7763
webmasters,Site blocked by content filter,0.9701647290294257,1.0,0.6,False,9338
webmasters,Alt attribute for SEO recommendation,0.9954241114961544,1.0,0.9,False,3162
webmasters,What are pitfalls in SEO when internationalizing a website?,0.9748216710130958,1.0,0.7,True,7445
webmasters,Foolproof way to ensure Google news pulls the correct image for its thumbnails?,0.9672636311171222,1.0,0.9,True,9863
webmasters,Is hidden content (display: none;) -indexed- by search engines?,0.9820454570627497,1.0,0.7,False,7275
webmasters,Should I choose sub-directories over sub-domains in this case?,0.9746011773916676,1.0,0.9,True,5048
webmasters,Google Analytics underestimating pageviews and visitors,0.9949102823721188,1.0,0.8,True,6733
webmasters,"Redirecting all 404 pages in Wordpress is not good SEO, but what is?",0.9559076558838225,1.0,0.4,False,9521
webmasters,Does google always downrank pages with hidden texts,0.9940927210314605,1.0,0.8,False,10151
webmasters,Google doesn't seem to update the description or title of my homepage,0.9782471831285694,1.0,0.8,False,8530
webmasters,SEO Geolocation,1.0,1.0,1.0,False,2431
webmasters,SEO preference for WWW or HTTP:// protocol redirection? Do www websites rank better than NON-www?,0.9800991537401734,1.0,0.7,False,11549
webmasters,Titles in Google results contain spammy prefixes,0.9583388279400451,1.0,0.6,False,7626
webmasters,Page appears indexed in Google but not findable for any search terms?,0.9845565714615376,1.0,0.7,True,10786
webmasters,How can I get search engines to crawl my site and see a localised view of my data?,0.9959790231146134,1.0,0.9,False,12099
webmasters,Are keywords in URLs good SEO or needlessly redundant?,0.9469074034243291,1.0,0.6,False,6427
webmasters,Does text ad exchange or traffic exchange or auto surf websites good for google ranking?,0.902987151938862,1.0,0.3,True,11964
webmasters,Should Good Content Strategy Possibly Create Multiple Domains?,0.9796268260343346,1.0,0.7,False,9628
webmasters,StackOverflow and Google search,0.9946824066037356,1.0,0.8,False,7551
webmasters,Retrieve Facebook Like count after changing URL structure for entire website,0.9254269363642186,1.0,0.4,False,11816
webmasters,Does paid traffic improve SEO?,0.9696284437515841,1.0,0.6,True,3629
webmasters,"I want to host clients' websites, but not their email. What's the easiest way to handle this?",0.9374710894564715,1.0,0.6,False,11620
webmasters,Why are my backlinks not showing on google on this asp.net website with all I've done?,0.98006636144096,1.0,0.8,False,11207
webmasters,.CO Domains. Worthwhile?,0.9672888931479269,1.0,0.4,False,3671
webmasters,Does adding a description to menu links have any SEO value?,0.9715886509688751,1.0,0.7,False,6850
webmasters,Why is my site not approved by Google Adsense?,0.9936815589961189,1.0,0.9,True,10620
webmasters,Setting up Nginx Load Balancing,0.9745759844117987,1.0,0.7,False,3057
webmasters,How to dynamically change the host URL?,0.937588257772894,1.0,0.6,True,6682
webmasters,New Domain Registration - Price differences,0.9995354299151152,1.0,1.0,False,6828
webmasters,Building for different screen sizes,0.9982465815227762,1.0,0.9,False,3273
webmasters,"How does Google's Traffic Estimator calculate the ""Estimated Avg. CPC""?",0.9419085003486201,1.0,0.5,False,6810
webmasters,"Page gone: 404, or other options?",0.999156354298643,1.0,0.9,False,7163
webmasters,Thousands of 404 errors in Google Webmaster Tools,0.9902104983257205,1.0,0.8,False,7813
webmasters,Removing GA from Sites,0.9721459770979715,1.0,0.7,True,8111
webmasters,What Does Local SEO Consist of and How Does it Differ From Website SEO?,0.9513936242512608,1.0,0.7,True,8850
webmasters,Is SEO effected when URL changes from .php to not including .php,0.9730128445346301,1.0,0.8,False,8042
webmasters,How Does Amazon have so much information in a tweet?,0.9962086877029059,1.0,0.9,False,2366
webmasters,Store name appears twice in meta titles while searching in Google?,0.9933734992150198,1.0,0.9,False,9667
webmasters,SEO: Redirecting an incoming link to a discontinued product to a very similar product,0.883158659648097,1.0,0.4,True,7028
webmasters,How does Google recognize publish date of a post,0.9969399539433292,1.0,0.9,False,7462
webmasters,IP Addresses of Known Spammers,0.9922416526396884,1.0,0.8,False,1704
webmasters,Are temporarily hidden elements bad for search-engine rankings?,0.9831478868586513,1.0,0.7,False,4687
webmasters,URL re-write for indexed pages,0.993843847191824,1.0,0.8,False,8460
webmasters,Link error checking tool for linux,0.9948096492732804,1.0,0.9,False,5984
webmasters,Does it help if my tld contains words that describe the function of my business?,0.9251637766036941,1.0,0.4,False,3887
webmasters,How to make DNS server propagate faster if you are a site owner?,0.9830270544172905,1.0,0.6,False,10484
webmasters,negative seo myth or reality,0.9930004109464415,1.0,0.8,False,2540
webmasters,Favicon Best Practices,0.9977836085880019,1.0,0.8,False,1771
webmasters,How many days would update if I modify page meta:title and meta:description?,0.9992446379093263,1.0,1.0,False,10927
webmasters,Alternative to Pingdom website monitoring service,0.9931582254730187,1.0,0.9,False,7127
webmasters,Should paginated content have unique meta tags?,0.9791970671496447,1.0,0.6,False,4340
webmasters,Tool or plugin required to show out in which html files a given css selectors is used,0.9924235716245323,1.0,0.7,False,11712
webmasters,Helpdesk software,1.0,1.0,1.0,False,501
webmasters,Strange spam posts not making sense,0.9704140151136814,1.0,0.6,False,4144
webmasters,Where is the line drawn with domain names which include a trademark?,0.99999729038631,1.0,1.0,False,5697
webmasters,What domain structure is best for a forum according to SEO?,0.9582880797257307,1.0,0.7,True,6963
webmasters,best practice to migrate server,0.9966314914520236,1.0,1.0,False,4353
webmasters,What to do with discontinued product pages?,0.9986732406892725,1.0,0.9,False,6712
webmasters,Google Analytics: How can I track between http:// and https:// profiles for a domain?,0.9900386420106384,1.0,0.8,True,10668
webmasters,complex heading tags: should I avoid them?,0.98685229995576,1.0,0.7,False,1961
webmasters,Why is Google reporting no authorship when I created the link?,0.9952089994469505,1.0,0.8,False,9285
webmasters,A script that would create snapshots of web pages,0.9903870895718948,1.0,0.8,False,11309
webmasters,SEO-meta description crawling issue,0.9542620326748149,1.0,0.7,False,4783
webmasters,How to move a single page of content to a new domain,0.9714894759485216,1.0,0.8,True,10898
webmasters,Pointing .com and .ca domain names,0.9978279278019011,1.0,0.9,True,8217
webmasters,How to protect a form from spam?,0.9896993041391215,1.0,0.8,False,1105
webmasters,change of address to subdomain,0.9990133564166499,1.0,1.0,False,3516
webmasters,How to overcome browser-specific font rendering differences?,0.9982366526909794,1.0,0.9,False,4254
webmasters,free SSL certificates?,0.999229075379767,1.0,0.9,False,1162
webmasters,Adding Disqus to wordpress effect SEO,0.9660788571011393,1.0,0.6,False,4987
webmasters,What are some good services for brainstorming domain name ideas?,0.9567775979129916,1.0,0.8,True,7235
webmasters,"Displaying a ""coming soon"" image to users whilst I work on website redevelopment",0.9927564392011282,1.0,0.9,False,11130
webmasters,"How do I set expiration headers for CSS, JS, and Images?",0.9863525996550833,1.0,0.7,False,4807
webmasters,Risk for hosting SEO links,0.9289978318996809,1.0,0.5,True,7203
webmasters,"Which symbol should I use in Meta Title: ""|"" or ""-""?",0.9627535970427865,1.0,0.7,False,8398
webmasters,What are some good resources for generating privacy policies and terms of use?,1.0,1.0,1.0,False,9295
webmasters,Why would Google Rich Snippets work for one site author but not another?,0.9767453419421843,1.0,0.6,False,14134
webmasters,Crawling problem with AJAX search result pages,0.9946380561372535,1.0,0.9,False,9288
webmasters,How to improve a single-paged site search result,0.9683587979506245,1.0,0.7,False,11870
webmasters,What is a lot of traffic?,0.9995753278702041,1.0,1.0,False,1971
webmasters,How to get Google Page Rank for a site hosted Blog,0.9700561378971316,1.0,0.7,True,14224
webmasters,Redirect non-www to www while preserving protocol,0.9915361085076019,1.0,0.8,False,4328
webmasters,"Multiple domains, same content",0.995209561879229,1.0,0.7,False,6493
webmasters,How to redirect an old url to a new url via htaccess? Website uses Wordpress,0.9814300179675514,1.0,0.6,True,13379
webmasters,What are the SEO Benefits of adding a Tumblr feed to a website?,0.9544615314679019,1.0,0.7,False,8586
webmasters,Hiding a particulat page from search engines not to index,0.9806121839658047,1.0,0.8,False,8561
webmasters,What should filenames and URLs of images contain for SEO benefit?,0.9447069107045966,1.0,0.7,True,6600
webmasters,What does WWW do?,1.0,1.0,1.0,False,2680
webmasters,Is it possible to stop Chrome and other browsers from pre-fetching/rendering my site?,0.9770585990198263,1.0,0.7,False,9797
webmasters,PHP based ad server ( alternative to OpenX ),0.9935908802104393,1.0,0.7,False,6268
webmasters,SEO handling of ever changing portion of site,0.9527945736710246,1.0,0.7,False,9890
webmasters,How can I objectively check my search engine ranking?,0.9907263385473255,1.0,0.9,False,4879
webmasters,how to do bing seo,0.9974256569285833,1.0,1.0,True,2604
webmasters,What do you know about how google/search engines see's/crawls PDF files?,0.9291492666675689,1.0,0.3,True,11570
webmasters,Bing Webmaster Tools missing www,0.9891387525039643,1.0,0.7,False,4813
webmasters,keyword stuffing in SEO,0.9984741210387648,1.0,0.9,True,3013
webmasters,Split domain name between two hosts (separate webmail and webhost),0.9807786818254337,1.0,0.7,False,7075
webmasters,What is the correct and better language code format in URL and hreflang?,0.9576119913007984,1.0,0.8,True,6262
webmasters,New HTML5 elements and search engine ranking impact?,0.9946837805256994,1.0,1.0,True,6229
webmasters,What resolution does Google use while crawling a site with responsive/adaptive design?,0.9079894959573273,1.0,0.4,False,13798
webmasters,Is buying a localized domain and redirecting it to my main site a good idea for SEO?,0.9877215726709673,1.0,0.8,False,12037
webmasters,"Which technique is useful for image SEO, when images is coming from CSS?",0.9624749215703519,1.0,0.6,True,10477
webmasters,How to prevent misattributed goal conversions to Facebook and accounts.google.com in Google Analytics?,0.9835356117905072,1.0,0.8,False,10462
webmasters,What are the best ways to implement cross browser css?,0.9738984348561642,1.0,0.7,False,5900
webmasters,Impact of +1 on blogpost for the rootsite,0.993719710677082,1.0,0.7,False,3123
webmasters,Can we ignore visitors without JavaScript enabled?,0.9551846060543411,1.0,0.6,True,3101
webmasters,Connecting +1s on a Google+ Business Page and a webpage,0.973681557501323,1.0,0.7,False,10115
webmasters,Should I send my content to other websites by RSS Feed?,0.9826910496899135,1.0,0.5,True,8465
webmasters,Does server location or TLD affects SEO,0.9747568936389613,1.0,0.7,False,5726
webmasters,Having either www.domainname.com or domainname.com is really required?,0.9848883804633287,1.0,0.9,True,7669
webmasters,SSL Certification on both www and no-www domains,0.999582538331525,1.0,1.0,False,5449
webmasters,Does text size and placement on page have an effect on SEO,0.9169164010341199,1.0,0.4,True,8330
webmasters,Is there a maximum size that web pages should be kept under?,0.9366903708075932,1.0,0.4,False,8351
webmasters,What's the a good mailing list manager/platform?,0.9997784982173136,1.0,1.0,False,3831
webmasters,Does the stop keywords matter?,0.9777464089881506,1.0,0.7,False,1662
webmasters,Lazy-loading content and SEO impact,0.9632474850279324,1.0,0.7,False,5493
webmasters,When will my old page stop appearing on Google?,0.9941401744285618,1.0,0.8,True,10144
webmasters,Changing host bad for SEO ranking?,0.9915841844087451,1.0,0.9,False,7007
webmasters,How to use rel='canonical' properly,0.9967108430383808,1.0,0.8,False,8199
webmasters,How to grep (or find) on cPanel?,0.9134818024156355,1.0,0.4,False,2297
webmasters,Will Google penalize my site for switching content upon page load?,0.9616549511024188,1.0,0.5,False,13010
webmasters,Step by step website developent,0.9917077031219091,1.0,0.7,False,6829
mathematica,Memory leak in FE?,1.0,1.0,1.0,False,316
mathematica,Graph embedding and edge weights,0.9991650647863705,1.0,0.9,False,1360
mathematica,Usage of \[InvisibleApplication] and other related invisible characters,0.9995501235372325,1.0,0.9,False,1249
mathematica,Is there a way to make the tick marks larger?,0.9978888705093958,1.0,0.9,False,7095
mathematica,Plot 4D data with color as 4th dimension,0.9965405697589215,1.0,0.9,False,5956
mathematica,Exchange axes in ListLinePlot,0.953651971676501,1.0,0.7,False,801
mathematica,Is Mathematica an Implementation of the Wolfram Language?,0.9732158707103628,1.0,0.7,False,6417
mathematica,Can't get Append to append a record (association) to a dataset,0.9894955678388624,1.0,0.8,False,5434
mathematica,"Order of operations, precedence in Mathematica",0.9465442711683618,1.0,0.7,True,6819
mathematica,Use the same scale for two ListContour plots,0.9983446515113615,1.0,0.9,False,10994
mathematica,Using D to find a symbolic derivative,0.9988655369190151,1.0,0.9,False,10241
mathematica,how can i convert data into string format?,0.9999904444048139,1.0,1.0,False,3992
mathematica,Can I make the subsection CounterBox continue counting across section boundaries?,0.9479987034323574,1.0,0.7,False,3931
mathematica,Is it possible to modify the options for a particular cell from another cell?,0.9903144315423025,1.0,0.8,False,5214
mathematica,"Exp[I θ] + b Exp[-I θ], Part II",0.9885467146564734,1.0,0.6,False,3966
mathematica,Intermediate display similar to PrintTemporary,0.991531730199754,1.0,0.9,False,1775
mathematica,Getting imaginary data from known real data using Kramers-Kronig relations,0.9995261739411462,1.0,0.9,False,11863
mathematica,Why aren't these additions of integrals and summations equal?,0.9980030722376819,1.0,0.8,False,1851
mathematica,Find closed form expression for series expansion coefficients,0.992397311481081,1.0,0.7,False,5936
mathematica,How to do Inverse formulas/Rearrange formulas in Mathematica?,0.8557248693408637,1.0,0.3,True,6065
mathematica,Function with custom Options and modified Options for built-in Symbols,0.9733312861603761,1.0,0.8,True,7924
mathematica,What is the difference between Set and SetDelayed?,0.9962655818077899,1.0,0.9,False,4328
mathematica,Checking for duplicates in sublists,0.9839061708376731,1.0,0.8,False,1039
mathematica,How to modify a Dataset?,1.0,1.0,1.0,False,612
mathematica,Plotting list-valued interpolating function,0.9924816136973462,1.0,0.7,False,10820
mathematica,Unresolved differential equation,0.9204014535148397,1.0,0.8,True,1890
mathematica,ToExpression from commandline,0.9592503744534643,1.0,0.6,False,181
mathematica,How to Plot a function that returns multiple values?,0.963789670930631,1.0,0.5,False,10302
mathematica,How would I take a variable from a string and reassign its value?,0.9999130748645985,1.0,1.0,False,9130
mathematica,What's the correct way to shift zero frequency to the center of a Fourier Transform?,0.9994689088001352,1.0,0.9,False,6834
mathematica,Why do Arrowheads interfere with ImagePadding?,0.9767825716645645,1.0,0.7,False,212
mathematica,How to run mathlink external commands in parallel?,0.982594166879113,1.0,0.7,False,2873
mathematica,Importing .zip file,0.9994178207391706,1.0,1.0,False,2166
mathematica,How do you turn off the Dashed graphics directive?,0.9999312899738706,1.0,1.0,False,2726
mathematica,DeleteCases messing with my mind,0.9321241861886744,1.0,0.6,False,365
mathematica,how to read in a file in the same directory?,1.0,1.0,1.0,False,2046
mathematica,Unexpected behavior of rule matching a pattern,0.999384073909407,1.0,0.9,True,1776
mathematica,To put a plot inside of a plot,0.9985610360182876,1.0,0.9,False,4550
mathematica,How to get the list of defined values for an indexed variable?,0.9886809376317061,1.0,0.7,False,10146
mathematica,Prepend Information to Warning Messages,0.9625736580259304,1.0,0.6,True,1436
mathematica,Prefix operator with low precedence,0.9996296016964864,1.0,1.0,False,821
mathematica,Visualizing a Complex Vector Field near Poles,0.9839337965310545,1.0,0.8,False,1905
mathematica,Filling global arrays in parallel calculations,0.9936822872113986,1.0,0.9,False,2815
mathematica,Mathematica 10 doesn't support path containing Chinese characters,0.942387523116436,1.0,0.6,True,8953
mathematica,If statements with a Boolean,1.0,1.0,1.0,False,298
mathematica,$H_{\infty}$ optimization of transfer function matrix,0.98339373978505,1.0,0.9,False,7214
mathematica,Short circuit logical operators,0.9925553178151751,1.0,0.9,True,964
mathematica,How can I plot weather data?,0.990490806792309,1.0,1.0,True,5291
mathematica,NDSolve with vector function,0.9951153841188795,1.0,0.8,False,7020
mathematica,Import Excel sheet into 3D array?,0.9998654888101327,1.0,1.0,False,2356
mathematica,Calculating Taylor polynomial of an implicit function given by an equation,0.9938302275912122,1.0,0.8,False,8718
mathematica,Working with symmetric polynomials,0.9731672276951672,1.0,0.5,True,4908
mathematica,How to make use of an interpolating function outside of Mathematica?,0.9118146625291638,1.0,0.4,False,13350
mathematica,how to plot 3d graph with its projection on the plane?,0.9750403769727123,1.0,0.9,True,4514
mathematica,How to estimate system recource usage of a SparseArray?,0.9817363270587903,1.0,0.7,False,1589
mathematica,Creating If statements programmatically,0.9966283789201142,1.0,0.9,False,2154
mathematica,Can one identify the design patterns of Mathematica?,0.9445998142813131,1.0,0.6,False,8587
mathematica,Why PlotRange doesn't work for this set of values?,0.9799081113885264,1.0,0.5,True,8601
mathematica,How can I manipulate a circular part of an image?,0.9345572589059999,1.0,0.5,True,4735
mathematica,How to get back name of the number from Max function?,0.9612169583707879,1.0,0.7,True,10746
mathematica,Defining a function that completes the square given a quadratic polynomial expression,0.9959233999692073,1.0,0.9,False,8937
mathematica,Restoring a Mathematica session without notebook interface,0.9132352982964823,1.0,0.6,True,7212
mathematica,Integro-differential equation,1.0,1.0,1.0,False,1884
mathematica,Can I make a default for an optional argument the value of another argument?,0.9931283871217877,1.0,0.8,True,7511
mathematica,"How to ""Copy as Unicode"" from a Notebook?",0.9826970535962921,1.0,0.7,False,1431
mathematica,Is it possible to change the color of plot in Show?,0.9961189827455261,1.0,0.8,True,7456
mathematica,How to make a control array of buttons or togglers?,0.9833063759642817,1.0,0.9,False,4034
mathematica,Finding the likeliest path in a Markov process,0.9986135262202871,1.0,0.9,False,3470
mathematica,How do I generate arbitrarily many integration bounds?,0.989261056611132,1.0,0.8,False,3278
mathematica,How to read long numbers?,0.9932646867694573,1.0,0.9,False,3720
mathematica,How to put terms in lexicographic order?,0.994454196312532,1.0,0.9,False,2401
mathematica,Bug in NDSolve (Mathematica 9.0.1)?,0.9658193048363976,1.0,0.6,False,13885
mathematica,How to implement a set method?,0.9999965385685315,1.0,1.0,False,4046
mathematica,Adding Text to a ListLogLinearPlot,0.9774328022226064,1.0,0.6,False,1725
mathematica,Distribution above pointplot,1.0,1.0,1.0,False,542
mathematica,Writing equations from Mathematica in Matlab,0.9866289098375252,1.0,0.9,True,7527
mathematica,"Delete duplicates in a list, depending on the sequence of numbers",0.9865421263780185,1.0,0.7,False,5989
mathematica,Plot periodic function from Dirac delta function,0.9771583124759768,1.0,0.8,False,8394
mathematica,How can I load packages automatically after reopening Mathematica,0.9724324929047521,1.0,0.6,False,6867
mathematica,"Can't see updating performed by NMinimize[...,StepMonitor->(...)] outside of Button in which it's called",0.8951938114975508,1.0,0.3,True,4308
mathematica,Where to find a summary for Q functions?,0.9686738288054774,1.0,0.8,True,8047
mathematica,How can I easily eliminate the dependency of a stylesheet on a non-built-in stylesheet?,0.9986376215306995,1.0,0.9,False,2171
mathematica,Import .dat table but losing decimals,0.9991481315226668,1.0,0.9,False,3533
mathematica,How to ensure that Polygon[list] plots a simple polygon?,0.9548755926367284,1.0,0.5,False,7314
mathematica,Is there any way to define a new binary operator?,0.9890900216812157,1.0,0.9,False,7158
mathematica,How to do a region plot with many functions,0.9486058776111888,1.0,0.5,True,8762
mathematica,Understanding Mathematica: How to write fast code?,0.9703915353802096,1.0,0.8,True,9247
mathematica,Problem with ListVectorPlot3D,1.0,1.0,1.0,False,3478
mathematica,List of compilable functions,0.9993170439150413,1.0,0.8,False,8282
mathematica,Graph relationships between functions and variables,0.8985841214635343,1.0,0.4,False,7907
mathematica,Distributing elements across a list of lists,0.9920537611071437,1.0,0.8,False,4570
mathematica,How to improve the quality of 3D rendering?,0.9711841892421964,1.0,0.7,False,1096
mathematica,How to make a 3D globe?,0.9970368720898322,1.0,0.8,False,3306
mathematica,Why evaluation doesn't fail if arguments are invalid?,0.9450194916047678,1.0,0.4,False,3359
mathematica,Function behaves differently inside a package than outside,0.9769868357982155,1.0,0.7,False,8314
mathematica,Does resizing plots produce new data?,0.9724234915363837,1.0,0.7,False,6673
mathematica,How to simplify a polynomial and get the results in the order that I want?,0.9834933624070294,1.0,0.7,False,10241
mathematica,Is there an analogue of the Variables command for general expressions?,0.9535490980469381,1.0,0.6,True,4959
mathematica,Formula Formatting is Small and Chunky?,0.9997782541506929,1.0,1.0,False,1581
mathematica,Combine 2D images perpendicular to each other,0.9521975158083765,1.0,0.4,False,3670
mathematica,Minimizing a function of many coordinates,0.992818327552029,1.0,0.8,False,7342
mathematica,Plot3D has a break in the center of the plot,0.9003603834654504,1.0,0.3,False,4015
mathematica,Unable to solve the expontial equations,0.9997638329256849,1.0,0.9,False,2917
mathematica,Keep function range as a variable,0.9673689048220382,1.0,0.4,False,8155
mathematica,How to make a Line[] with no end?,0.9996748759146393,1.0,1.0,False,5026
mathematica,Reduce of a table,0.9993271681665609,1.0,0.9,False,2862
mathematica,Why won't Mathematica Solve a set of two equations for one variable?,0.9942070191114348,1.0,0.7,False,11729
mathematica,How do I plot coordinates (latitude and longitude pairs) on a geographic map?,0.9920999021348879,1.0,0.9,False,4655
mathematica,What is wrong with combining two programs with event handlers?,0.9837721312938957,1.0,0.7,False,4571
mathematica,limit calculation step by step,0.9876273392672156,1.0,0.7,False,2281
mathematica,Simple Macro or Meta Programming for Data Analysis,0.9327751272913546,1.0,0.5,True,4632
mathematica,What is the syntax to combine conditions and options?,0.9958065030244381,1.0,0.9,False,2774
mathematica,Why isn't the matrix product computed?,0.9974947445803355,1.0,0.9,True,2438
mathematica,balanced Shortest[] and string-patterns,0.9904318416765131,1.0,0.7,False,1171
mathematica,How to avoid nested With[]?,0.9984062273066651,1.0,0.9,False,735
mathematica,Extract real part of a complex expression better than Re does,0.9946126813799372,1.0,0.9,False,4902
mathematica,Is there a Mathematica equivalent to MATLAB's logspace?,0.9856673374983366,1.0,0.8,True,5974
mathematica,Composition of mappings not working as expected,0.998327348693662,1.0,0.9,False,5706
mathematica,Convert separate digits of a number into an array,0.9956624811633425,1.0,0.8,False,3955
mathematica,Dynamically labeling a family of curves,0.9504317193756069,1.0,0.5,False,1815
mathematica,How can I plot the direction field for a differential equation?,0.9577439295518825,1.0,0.6,False,5657
mathematica,How can I tell mathematica to generate an histogram from nominal data?,0.9721400529850293,1.0,0.6,True,8508
mathematica,How to generate a random snowflake,0.9999595372231833,1.0,1.0,False,1848
mathematica,Why is ReplaceAll behaving like this?,0.9991483614407869,1.0,0.9,False,6584
mathematica,How to make Jacobian automatically in Mathematica,0.9084201352630396,1.0,0.3,True,8170
mathematica,Filling only part of a plot,0.9919714145612633,1.0,0.7,False,4551
mathematica,How can I suppress rotation of 3D graphics?,0.9983321550835512,1.0,0.9,False,2211
mathematica,AbsoluteOptions of a Histogram with PlotRange,0.9951052592175499,1.0,0.9,False,1300
mathematica,How can I assign EdgeCost for the graph edges?,0.9999117304894248,1.0,1.0,False,1633
mathematica,How to find the local maximum of a list,0.9917923054786104,1.0,0.7,False,5716
mathematica,Mathematica's ArcTan function,0.9899284091024495,1.0,0.7,False,9854
mathematica,How Can I use Solve/Reduce Output,0.9980044167392009,1.0,0.9,False,10411
mathematica,How to estimate time series from a plot?,0.9072104982832966,1.0,0.5,False,6021
mathematica,position of sequence of elements in list,0.9897360767079618,1.0,0.8,False,4900
mathematica,Collapse matching brackets,0.9974633305579257,1.0,0.9,False,580
mathematica,Setting the default font for PlotLegends,0.9255533337485,1.0,0.3,False,3071
mathematica,valuation to a function using a list,0.9979732060965021,1.0,0.8,True,12058
mathematica,How to combine ArrayPlots?,0.9981914957339482,1.0,0.9,False,683
mathematica,"Finding the area, algebraic curve and jaggedness of an arbitrary shape",0.9431692545219957,1.0,0.8,True,3722
mathematica,What does the construct f[x_] := f[x] = ... mean?,0.9809746171415695,1.0,0.7,True,7763
mathematica,How to keep front and back colors of Polygon in Graphics3D same all the time,0.9841317731244148,1.0,0.8,True,4673
mathematica,Square both sides of an equation?,0.970280857263789,1.0,0.6,False,2394
mathematica,How to collect result continuously (interruptible calculation) when running parallel calculations?,0.9986723245289474,1.0,1.0,False,5477
mathematica,Handling failed FindRoot calls,0.9681991513430851,1.0,0.6,True,2153
mathematica,Conflict among Permutations and Graph utilities once Combinatorica is loaded,0.9994464490043796,1.0,1.0,False,1589
mathematica,Comparing large numbers,0.9997867970540776,1.0,1.0,False,3598
mathematica,Why does evaluating an integral within a Plot expression take so long?,0.9603140210476844,1.0,0.5,False,8335
mathematica,How to install the Wolfram Workbench plugin into Eclipse Kepler?,0.9733546997856067,1.0,0.9,False,887
mathematica,How to provide your own example data for a custom package?,0.9759061928325472,1.0,0.7,True,7034
mathematica,How to generate closed-form stiff matrix of triangular prism element by mathematica,0.9761135701896503,1.0,0.8,False,8977
mathematica,Generate all strings of fixed length from an alphabet,0.9991330279068441,1.0,0.9,False,3752
mathematica,How can I label a ListDensityPlot with a color bar?,0.9720068597558581,1.0,0.8,False,1569
mathematica,Ordering problem,0.9999650117948786,1.0,1.0,False,4267
mathematica,Test a wooden board's vibration mode,0.9946513065194175,1.0,0.8,False,1074
mathematica,How can I improve Mathematica's resolution on a macbook retina display?,0.9711451870874612,1.0,0.8,True,6495
mathematica,Pattern matching list elements in pure functions,0.9767275195641053,1.0,0.8,True,8897
mathematica,How to monitor the progress of Importing files?,0.999378695079482,1.0,0.9,False,2291
mathematica,How do I include both text and variables in Input[ ]?,0.9707121355881988,1.0,0.7,True,4393
mathematica,Anti-aliasing won't work when there is PlotStyle command,0.9972060080073019,1.0,0.9,False,5819
mathematica,MapThread with non-rectangular lists,0.925431868336756,1.0,0.6,True,3975
mathematica,Plotting Complex Roots of Unity,0.9721016916246334,1.0,0.7,False,4177
mathematica,Is there a convenient way to localize all variables in a new notebook?,0.982297163739769,1.0,0.8,False,7786
mathematica,"What is the distinction between DownValues, UpValues, SubValues, and OwnValues?",0.9998597820399912,1.0,1.0,False,222
mathematica,Understanding the coordinate system for ImageTake,0.9630315892347943,1.0,0.7,True,2481
mathematica,How to join two Style[]d strings,0.9930435557515765,1.0,0.8,False,4214
mathematica,How can I make ArrayPlot use one pixel per plot point?,0.947185898201418,1.0,0.4,False,12512
mathematica,DelaunayTriangulation in Mathematica V 7.01.0,0.9562499744906585,1.0,0.7,True,11851
mathematica,How to import data from Blender or 3DS max file?,0.9947937238865457,1.0,0.8,False,4304
mathematica,"Create a new window from CDF, such that it contains a Manipulate. Force this Manipulate work.",0.9948510098930318,1.0,0.8,False,7993
mathematica,Extract coordinates from a polygon,0.9907521427698679,1.0,0.8,False,1274
mathematica,Is this the most efficient way to round approximate integers to integers while leaving other Reals untouched?,0.9940641817496064,1.0,0.8,False,6651
mathematica,Is my expression too complicated for FullSimplify or am I doing something wrong?,0.9802627864445422,1.0,0.9,True,4727
mathematica,How to get an adaptive frame which fits auto-wrapped text?,0.9895278084045718,1.0,0.8,False,6471
mathematica,Removing unwanted appearance of underlying mesh,0.9735679941150216,1.0,0.8,False,1855
mathematica,Wrapping EventHandler by Table,0.9941403730670372,1.0,0.9,False,2684
mathematica,Use of $Assumptions,0.999896732331827,1.0,1.0,False,8684
mathematica,Save an indexed function,0.965213241488426,1.0,0.7,False,6851
mathematica,How safe is the use of Block and Internal`InheritedBlock,0.99534987076639,1.0,0.8,False,8765
mathematica,Compiling Visual Studio C++ to Run on Computers without Mathematica,0.9921919612316733,1.0,0.9,True,9107
mathematica,Using anonymous functions instead of module or block. Bad idea?,0.9748588100997849,1.0,0.5,False,11904
mathematica,Plot and Parametric plot give different results,0.9921151524700673,1.0,0.8,True,8251
mathematica,Mathematica Debuggability,0.9914186192220262,1.0,1.0,False,5769
mathematica,How to create a ListPlot containing two lists?,0.9797880770542549,1.0,0.8,True,7066
mathematica,Plotting a piecewise parametric curve,0.988093046400579,1.0,0.9,False,3828
mathematica,Numerical integration of a numeric data available as a nested list,0.9939294633727591,1.0,0.9,False,6884
mathematica,How to express ticks in scientific form?,0.99325590865299,1.0,0.9,False,3262
mathematica,Numerical solution of Schrödinger-type equation in Mathematica,0.9422528009526029,1.0,0.6,False,8460
mathematica,find subsequences of constant increase,0.999546859713188,1.0,0.9,False,3459
mathematica,Funny behaviour when plotting a polynomial of high degree and large coefficients,0.9881475339845383,1.0,0.8,False,5096
mathematica,How to access new colour schemes in version 10?,0.9816627417433754,1.0,0.6,False,5560
mathematica,How to replace the style of the inline cell in a StyleSheet,0.9954754765990601,1.0,0.9,False,2164
mathematica,Usage displays properly only after second call,0.9999017421708347,1.0,1.0,False,3502
mathematica,StreamPlot in Polar Coordinates,0.9126399714994172,1.0,0.4,False,696
mathematica,DeleteDuplicatesBy is not performing as I'd hoped. Am I missing something?,0.9992450877737495,1.0,0.9,False,3383
mathematica,Problem to connect remote Mathematica Kernel using J/Link,0.9978523848082265,1.0,0.9,False,12257
mathematica,How do I extend (prepend or append to) an existing TagSetDelayed rule?,0.9714137391365116,1.0,0.8,True,1530
mathematica,Remove list elements that contain NaN Symbol,0.9567918040854027,1.0,0.7,True,5603
mathematica,How to convert between various ItemSize/ImageSize units?,0.9644017491934713,1.0,0.7,False,1956
mathematica,ListPlot with each point a different color and a legend bar,0.9732687097741082,1.0,0.7,False,5064
mathematica,Pass function or formula as function parameter,0.9868186483926172,1.0,0.7,False,6983
mathematica,How to vary thickness of line on the plot?,0.981410619569609,1.0,0.8,False,4740
mathematica,Find the values of 3 variables that best fit 6 equations,0.9775315498096568,1.0,0.6,False,10898
mathematica,Reading a specified line number from a text file,0.9842693752412117,1.0,0.8,True,6476
mathematica,Saving high-quality graphics through commands,0.9952806788247668,1.0,0.9,False,3262
mathematica,How to put the values/points in a loop into a plot?,0.9823657987902634,1.0,0.8,True,7622
mathematica,Join matrix based on conditions,0.9812083579133474,1.0,0.6,False,2818
mathematica,Exporting HTML code to file.html,0.9953428806557689,1.0,0.8,False,5576
mathematica,How do I efficiently navigate the command line interface to Mathematica?,0.9844033886092589,1.0,0.8,True,7772
mathematica,Why is a function I defined in a package not visible when I load the package?,0.9905643301075201,1.0,0.9,False,7358
mathematica,Convert Tube[BSplineCurve[...]] Graphics3D object to polygons,0.9999895758598601,1.0,1.0,False,1735
mathematica,Extracting function variables from a list,0.98795729681719,1.0,0.9,False,9142
mathematica,Define a Plot3D function with custom options,0.8480929971302735,1.0,0.2,True,7773
mathematica,Functions with Options,0.9953403106665607,1.0,0.8,True,7078
mathematica,Controlling Bar Color in BarChart precisely,0.9934852907962813,1.0,0.8,False,1892
mathematica,How do I troubleshoot when I get a Part::partd or a Part::partw error?,0.999906212352112,1.0,1.0,False,6498
mathematica,Why does AbsoluteOptions give the wrong answer for ListPlot?,0.9864558126549305,1.0,0.8,False,4694
mathematica,The introduction for Context in Wagner's book is out of date?,0.9746643692328143,1.0,0.9,False,662
mathematica,Prevent trigonometric simplification,0.9950739928125343,1.0,0.9,False,351
mathematica,Width of two plots,0.9654835925304449,1.0,0.6,True,5450
mathematica,Is it possible to customize the Suggestions Bar?,0.9921783404676261,1.0,0.9,False,3650
mathematica,Dot shading a.k.a. Stippling effect,0.9694059540449423,1.0,0.7,False,1890
mathematica,Select duplicate values from a list,0.9812551414028319,1.0,0.7,False,6372
mathematica,How to generate a RandomVariate of a custom distribution?,0.982494448834066,1.0,0.8,False,2263
mathematica,Simplify function notation,0.9926340819426583,1.0,0.8,False,6819
mathematica,How can I name and manipulate several Input Fields?,0.9559265364180937,1.0,0.6,True,3666
mathematica,Import large amount of data with time stamps,0.9977700375170893,1.0,0.9,False,5858
mathematica,Interpolating 2D data with missing values,0.9914020001588455,1.0,0.9,False,5898
mathematica,How to exit from the innermost enclosing pure function?,0.9781070027951408,1.0,0.6,False,6431
mathematica,Obtain the coordinates of a point by clicking on it,0.9929161893417208,1.0,0.8,False,3465
mathematica,Minimal effort method for integrating C++ functions into Mathematica,0.9609481483531206,1.0,0.6,False,11195
mathematica,"Mapping function onto two lists, simultaneously",0.988027795495184,1.0,0.8,False,9534
mathematica,Make output be to a certain number of places after the decimal point,0.9966138275143327,1.0,0.9,False,8312
mathematica,Vector-calculus,1.0,1.0,1.0,False,677
mathematica,Generate polyhedron from coordinates,0.9986063169011705,1.0,0.9,False,2009
mathematica,How to change the axes' origin and direction?,0.9968356561407263,1.0,0.9,False,3472
mathematica,How to find the maximum values and the place of the max value in the list?,0.9988985524749556,1.0,1.0,False,7882
mathematica,While loop not breaking when condition is met,0.9953464644837684,1.0,0.9,False,1468
mathematica,Possible bug involving Dataset/Query and RightComposition,0.9370147474210921,1.0,0.5,True,3344
mathematica,How to calculate this derivative?,1.0,1.0,1.0,False,1839
mathematica,How to build a game board,0.9981009104644715,1.0,1.0,False,416
mathematica,Sort+Union on a list,0.999916625339076,1.0,1.0,False,3714
mathematica,Executing several input cell simultaneously with parallelization,0.9900902821251115,1.0,0.8,False,2955
mathematica,Teaching Plan for High School Students,0.9968846816827631,1.0,0.9,False,515
mathematica,"How to modify the file ""KeyEventTranslations.tr"" to use Enter to evaluate the current cell?",0.9936564512811152,1.0,0.9,True,11407
mathematica,Loops and subroutines,1.0,1.0,1.0,False,539
mathematica,"In a list having triplet elements, how can I change the third element of a triplet when it has a given value?",0.9986295729364234,1.0,1.0,False,8138
mathematica,How to force Pane to always scroll to end of content?,0.9843200904344551,1.0,0.8,False,2343
mathematica,Is it possible to obtain vector differentiation results in terms of vectors rather than components?,0.9942217206028755,1.0,0.9,False,6807
mathematica,Problem with Financial Data,0.9998628761313809,1.0,0.9,False,5497
mathematica,Accumulate 2D points that have the same first component,0.9886469397394666,1.0,0.8,False,4867
